run_date,run_id,operator_machine,operator_quality,start_time,end_time,grower,variety,batch_id,receival_date_min,receival_date_max,bins_run,retip,premium_rate,c1_color_rate,c1_quality_rate,c2_color_rate,c2_quality_rate,no_color_rate,juice_rate,test_drop_count,test_drop_kg,size_distribution,Speed_12,Speed_34,Speed_56,full_speed,notes_run
2023-11-28,R001,,,07:07,11:50,sciacca,pink_lady,,,,131,0,,,,,,,,,,,,,,,SFU1 filler's part fell; bin's bottom broke ( 8.40AM – 9.20AM )
2023-11-28,R002,,,13:10,16:00,ardrossan,pink_lady,,,,80,0,,,,,,,,,,,,,,,
2023-11-29,R003,,,06:50,13:45,jeftomson,pink_lady,,,,271,0,,,,,,,,,,,,,,,
2023-11-29,R004,,,14:45,19:30,bundara,granny_smith,,,,150,0,,,,,,,,,,,,,,,B-33 (126) & B-12 (24)
2023-12-04,R005,,,13:00,16:45,cricelli,granny_smith,,,,91,0,,,,,,,,,,,,,,,Server down until 1 PM
2023-12-05,R006,,,06:00,12:30,cricelli,granny_smith,,,,166,0,,,,,,,,,,,,,,,
2023-12-05,R007,,,13:00,15:21,bundara,pink_lady,,,,27,0,,,,,,,,,,,,,,,B-09; iFA has problem
2023-12-06,R008,,,06:58,15:30,bundara,pink_lady,,,,194,0,,,,,,,,,,,,,,,B-09 (41) & B-14 (153)
2023-12-07,R009,,,07:00,13:45,jeftomson,pink_lady,,,,200,0,,,,,,,,,,,,,,,iFA has problem
2023-12-07,R010,,,14:40,16:05,poomona,granny_smith,,,,47,0,,,,,,,,,,,,,,,
2023-12-08,R011,,,07:30,11:50,poomona,granny_smith,,,,157,0,,,,,,,,,,,,,,,Grading pusher stuck in the morning
2023-12-12,R012,,,06:56,12:48,bundara,granny_smith,,,,181,0,,,,,,,,,,,,,,,
2023-12-12,R013,,,13:35,15:35,jeftomson,pink_lady,,,,74,0,,,,,,,,,,,,,,,Bad quality value set
2023-12-13,R014,,,05:51,10:20,pottenger,pink_lady,,,,115,0,,,,,,,,,,,,,,,Fruit fell over to the back; brusher at the grading part fell off
2023-12-13,R015,,,10:20,13:42,duxton,pink_lady,,,,102,0,,,,,,,,,,,,,,,
2023-12-13,R016,,,13:42,16:30,punjab,pink_lady,,,,65,0,,,,,,,,,,,,,,,
2023-12-14,R017,,,07:00,11:10,bundara,pink_lady,,,,101,0,,,,,,,,,,,,,,,
2023-12-19,R018,,,07:00,17:20,jeftomson,pink_lady,,,,346,0,,,,,,,,,,,,,,,"Many problems happening, refer to daily report"
2023-12-20,R019,,,07:15,13:51,ardrossan,pink_lady,,,,142,0,,,,,,,,,,,,,,,Bin Matic down; iFA
2023-12-20,R020,,,14:40,16:50,poomona,granny_smith,,,,74,0,,,,,,,,,,,,,,,
2024-01-04,R021,,,09:00,14:45,bundara,granny_smith,,,,146,0,,,,,,,,,,,,,,,Issues: Cup's clips fell off; canals not able to unblock hence start late
2024-01-08,R022,,,08:00,15:00,sciacca,pink_lady,,,,132,0,,,,,,,,,,,,,,,Issues: SFU2 water level too low; dumper isn't working well 
2024-01-08,R023,,,15:00,15:15,jeftomson,pink_lady,,,,11,0,,,,,,,,,,,,,,,due to previous batch not finalising bin amount hence late start
2024-01-08,R024,,,15:20,16:40,punjab,pink_lady,,,,49,0,,,,,,,,,,,,,,,
2024-01-09,R025,,,06:54,09:00,punjab,pink_lady,,,,64,0,,,,,,,,,,,,,,,"iFA lane 1, lane 2 fruits dropping to the error canal"
2024-01-09,R026,,,09:00,16:45,bundara,pink_lady,,,,122,0,,,,,,,,,,,,,,,Browning problem 4 - 4.5
2024-01-10,R027,,,07:00,10:00,bundara,pink_lady,,,,44,0,,,,,,,,,,,,,,,Stop for 4 hours
2024-01-10,R028,,,14:30,16:50,bundara,granny_smith,,,,80,0,,,,,,,,,,,,,,,iFA down; change to GS
2024-01-11,R029,,,07:00,11:30,bundara,granny_smith,,,,118,0,,,,,,,,,,,,,,,iFA down
2024-01-11,R030,,,12:30,17:00,jeftomson,pink_lady,,,,110,0,,,,,,,,,,,,,,,"Wrong problem hence 40 bins need retip, no browning (no iFA)"
2024-01-12,R031,,,07:00,12:45,jeftomson,pink_lady,,,,113,0,,,,,,,,,,,,,,,"iFA worked in the morning, browning problem showing 3.5 – 4"
2024-01-12,R032,,,13:30,16:30,ardrossan,pink_lady,,,,84,0,,,,,,,,,,,,,,,Manual tipping:56; browning 6.5 – 7
2024-01-13,R033,,,06:18,09:30,ardrossan,pink_lady,,,,59,0,,,,,,,,,,,,,,,iFA back on
2024-01-13,R034,,,10:20,11:30,ardrossan,pink_lady,,,,56,0,,,,,,,,,,,,,,, 
2024-01-15,R035,,,07:00,16:37,bundara,granny_smith,,,,250,0,,,,,,,,,,,,,,,Driving Rack 1 needed reference couple times in the morning
2024-01-16,R036,,,06:50,08:55,bundara,granny_smith,,,,72,0,,,,,,,,,,,,,,,+3 bins retip; running smooth
2024-01-16,R037,,,09:00,16:40,poomona,granny_smith,,,,240,0,,,,,,,,,,,,,,,+1; Fixed Infeed Ap with Emma
2024-01-17,R038,,,06:55,14:40,bundara,pink_lady,,,,149,0,,,,,,,,,,,,,,,108 bins manual tip; 1 bin broke; chain from the dumper area 1 is not working
2024-01-17,R039,,,15:00,16:35,jeftomson,pink_lady,,,,39,0,,,,,,,,,,,,,,,all manual tip
2024-01-18,R040,,,07:00,09:00,jeftomson,pink_lady,,,,54,0,,,,,,,,,,,,,,,Chainroller fixed last night
2024-01-18,R041,,,09:40,17:00,cricelli,pink_lady,,,,240,0,,,,,,,,,,,,,,,
2024-01-23,R042,,,07:00,16:45,bundara,pink_lady,,,,303,0,,,,,,,,,,,,,,,Driving label vacuum problem
2024-01-24,R043,,,07:20,16:15,cricelli,pink_lady,,,,252,0,,,,,,,,,,,,,,,Late start due to list update; 9 bins retip including leaves
2024-01-25,R044,,,07:20,11:16,bundara,gala,,,,135,0,,,,,,,,,,,,,,,"New Season fruit, without quality; time consume for cleaning fruits from canal"
2024-01-25,R045,,,12:20,14:45,pottenger,ginger_gold,,,,50,0,,,,,,,,,,,,,,,Incomplete (28 left); solenoids felt apart due to high speed
2024-01-29,R046,,,07:00,13:50,bundara,gala,,,,201,0,,,,,,,,,,,,,,,No quality; Prem and Class 1
2024-01-29,R047,,,14:00,16:35,bundara,pink_lady,,,,100,0,,,,,,,,,,,,,,,Golf car restriction driving to packer
2024-01-30,R048,,,07:00,13:10,bundara,pink_lady,,,,224,0,,,,,,,,,,,,,,,
2024-01-30,R049,,,13:30,15:00,sagar_produce,pink_lady,,,,49,0,,,,,,,,,,,,,,,
2024-01-30,R050,,,15:15,16:35,punjab,pink_lady,,,,48,0,,,,,,,,,,,,,,,
2024-01-31,R051,,,06:51,11:35,punjab,pink_lady,,,,180,0,,,,,,,,,,,,,,,
2024-01-31,R052,,,12:30,16:40,purris,gala,,,,144,0,,,,,,,,,,,,,,,New Value; New program and cups continuously open without fruit on certain canal
2024-02-01,R053,,,08:00,14:45,googs,gala,,,,210,0,,,,,,,,,,,,,,,Issues: Dumper's infeed
2024-02-01,R054,,,15:40,16:35,bundara,granny_smith,,,,28,0,,,,,,,,,,,,,,,
2024-02-02,R055,,,07:30,17:25,bundara,granny_smith,,,,224,0,,,,,,,,,,,,,,,"Network outage, binmatic having faulty; 3 hours stop"
2024-02-05,R056,,,08:00,15:25,plunketts,pink_lady,,,,242,0,,,,,,,,,,,,,,,An hour late start due to Monitor Ap not changing batch
2024-02-05,R057,,,15:30,16:33,cricelli,pink_lady,,,,39,0,,,,,,,,,,,,,,,
2024-02-06,R058,,,06:55,15:30,cricelli,pink_lady,,,,274,0,,,,,,,,,,,,,,,
2024-02-06,R059,,,15:50,16:30,jeftomson,pink_lady,,,,24,0,,,,,,,,,,,,,,,
2024-02-07,R060,,,08:30,15:30,jeftomson,pink_lady,,,,198,0,,,,,,,,,,,,,,,IP connection problem
2024-02-07,R061,,,16:00,16:40,bundara,granny_smith,,,,35,0,,,,,,,,,,,,,,,"Wrong program settings, retip needed"
2024-02-08,R062,,,07:00,10:00,bundara,granny_smith,,,,85,0,,,,,,,,,,,,,,,
2024-02-12,R063,,,07:30,17:10,bundara,granny_smith,,,,230,0,,,,,,,,,,,,,,,Program and Bin Infeed having error in the morning; Bin Matic down for 45 mins
2024-02-13,R064,,,07:00,16:36,pottenger,pink_lady,,,,290,0,,,,,,,,,,,,,,,
2024-02-14,R065,,,07:00,12:30,pottenger,pink_lady,,,,136,0,,,,,,,,,,,,,,,
2024-02-14,R066,,,13:30,17:10,jeftomson,pink_lady,,,,150,0,,,,,,,,,,,,,,,iFA showing pollution; Blue and Cameron had a look
2024-02-15,R067,,,07:00,16:10,pottenger,gala,,,,211,0,,,,,,,,,,,,,,,Many leaves
2024-02-16,R068,,,07:00,10:10,sagar_produce,gala,,,,112,0,,,,,,,,,,,,,,,
2024-02-16,R069,,,10:30,16:28,bundara,gala,,,,183,0,,,,,,,,,,,,,,,
2024-02-19,R070,,,07:45,16:40,bundara,granny_smith,,,,237,0,,,,,,,,,,,,,,,We have done cup test and weight test in the morning
2024-02-20,R071,,,07:45,16:45,orsida,pink_lady,,,,261,0,,,,,,,,,,,,,,,"Canal showing blockages in the morning, 45 mins late start"
2024-02-21,R072,,,07:00,09:30,pottenger,pink_lady,,,,69,0,,,,,,,,,,,,,,,New Dec File trial but not good changed back eventually
2024-02-21,R073,,,09:30,16:00,bundara,pink_lady,6714,,,147,0,,,,,,,,,,,,,,,Cup lane 3 & 4 fell; Few bins overfilled without reason
2024-02-22,R074,,,07:00,15:20,bundara,pink_lady,6714,,,232,0,,,,,,,,,,,,,,,
2024-02-22,R075,,,15:40,16:40,pottenger,pink_lady,6711,,,42,0,,,,,,,,,,,,,,,Bin stuck at the dumper conveyor
2024-02-23,R076,,,07:50,11:30,fruition,granny_smith,6711,,,108,0,,,,,,,,,,,,,,,
2024-02-23,R077,,,12:00,16:30,bundara,gala,6711,,,142,0,,,,,,,,,,,,,,,
2024-02-24,R078,,,07:00,08:30,bundara,gala,6711,,,37,0,,,,,,,,,,,,,,,Soo on forklift
2024-02-24,R079,,,08:30,16:30,googs,gala,6711,,,247,0,,,,,,,,,,,,,,,
2024-02-26,R080,,,07:00,12:00,jeftomson,pink_lady,6728,,,157,0,,,,,,,,,,,,,,,
2024-02-26,R081,,,14:00,15:40,punjab,pink_lady,6731,,,47,0,,,,,,,,,,,,,,,
2024-02-26,R082,,,15:40,16:15,pottenger,pink_lady,6732,,,17,0,,,,,,,,,,,,,,,45 mins to get the overfilled canal clear
2024-02-27,R083,,,07:00,08:25,pottenger,pink_lady,6732,,,41,0,,,,,,,,,,,,,,,Bin Matic down; SFU 2 error
2024-02-27,R084,,,08:28,16:35,plunketts,pink_lady,6734,,,140,0,,,,,,,,,,,,,,,
2024-02-28,R085,,,06:00,14:00,plunketts,pink_lady,6734,,,183,0,,,,,,,,,,,,,,,Bin Matic down; Start 6 finish 2
2024-02-29,R086,,,07:00,14:00,bundara,granny_smith,6734,,,180,0,,,,,,,,,,,,,,,
2024-03-04,R087,,,07:00,15:30,mj_hall,modi,6734,,,200,0,,,,,,,,,,,,,,,Late start due to iFA and gate not opening
2024-03-04,R088,,,16:00,16:50,bundara,rockit,6734,,,13,0,,,,,,,,,,,,,,,Small fruits cause many wrong size
2024-03-05,R089,,,07:00,16:10,bundara,rockit,6734,,,137,0,,,,,,,,,,,,,,,
2024-03-06,R090,,,07:00,12:30,ardrossan,gala,6746,,,142,0,,,,,,,,,,,,,,,"Wrong program, wrong preset, failed to use color to remove leaves; manual tip"
2024-03-06,R091,,,13:00,16:30,plunketts,pink_lady,6751,,,103,0,,,,,,,,,,,,,,,Running smooth
2024-03-07,R092,,,08:30,09:30,plunketts,pink_lady,6751,,,40,0,,,,,,,,,,,,,,,"iFA not working, machine not able to switch on, we swap to jeftomson's fruits"
2024-03-07,R093,,,10:00,16:20,jeftomson,pink_lady,6753,,,278,0,,,,,,,,,,,,,,,177 bins left
2024-03-08,R094,,,07:00,10:36,jeftomson,pink_lady,6753,,,181,0,,,,,,,,,,,,,,,
2024-03-08,R095,,,11:40,14:40,moondooma,granny_smith,6754,,,109,0,,,,,,,,,,,,,,,
2024-03-08,R096,,,14:40,17:00,plunketts,granny_smith,6759,,,59,0,,,,,,,,,,,,,,,Emergency button press; bin matic error
2024-03-09,R097,,,06:00,15:20,bundara,rockit,6759,,,160,0,,,,,,,,,,,,,,,Change a lot with the color criteria to remove leaves
2024-03-12,R098,,,07:00,16:10,ardrossan,modi,6759,,,310,0,,,,,,,,,,,,,,,
2024-03-13,R099,,,06:00,16:10,jeftomson,pink_lady,6766,,,470,5,,,,,,,,,,,,,,,
2024-03-14,R100,,,08:00,12:00,ardrossan,kanzi,6769,,,129,0,,,,,,,,,,,,,,,Wait for Blue to change the bin mode to manual
2024-03-14,R101,,,13:00,16:41,red_rich,kanzi,6772,,,118,0,,,,,,,,,,,,,,,
2024-03-15,R102,,,07:00,08:30,googs,gala,6775,,,32,0,,,,,,,,,,,,,,,
2024-03-15,R103,,,08:30,09:50,bundara,gala,6776,,,63,3,,,,,,,,,,,,,,,
2024-03-15,R104,,,10:36,16:40,sagar_produce,gala,6778,,,143,3,,,,,,,,,,,,,,,
2024-03-16,R105,,,06:00,14:45,jeftomson,pink_lady,6781,,,306,0,,,,,,,,,,,,,,,
2024-03-18,R106,,,07:06,12:23,mj_hall,modi,6782,,,120,6,,,,,,,,,,,,,,,
2024-03-18,R107,,,13:20,16:36,jeftomson,pink_lady,6784,,,132,0,,,,,,,,,,,,,,,
2024-03-19,R108,,,07:00,16:30,jeftomson,pink_lady,6784,,,366,0,,,,,,,,,,,,,,,
2024-03-20,R109,,,07:00,08:40,moondooma,granny_smith,6786,,,69,0,,,,,,,,,,,,,,,
2024-03-20,R110,,,09:00,11:40,bundara,granny_smith,6789,,,80,0,,,,,,,,,,,,,,,
2024-03-20,R111,,,13:00,15:30,crosbie,granny_smith,6788,,,84,8,,,,,,,,,,,,,,,
2024-03-20,R112,,,16:00,16:36,plunketts,granny_smith,6792,,,14,0,,,,,,,,,,,,,,,
2024-03-21,R113,,,07:00,13:10,plunketts,granny_smith,6792,,,187,3,,,,,,,,,,,,,,,
2024-03-21,R114,,,16:00,16:30,jeftomson,pink_lady,6793,,,11,0,,,,,,,,,,,,,,,Cameron and Frank is fixing the iFA for 2 hrs
2024-03-22,R115,,,06:00,15:20,jeftomson,pink_lady,6793,,,412,0,,,,,,,,,,,,,,,                                                 
2024-03-22,R116,,,15:20,17:30,jeftomson,pink_lady,6798,,,101,0,,,,,,,,,,,,,,,
2024-03-23,R117,,,07:15,09:30,jeftomson,pink_lady,6798,,,77,0,,,,,,,,,,,,,,,Water level low hence pump not working
2024-03-23,R118,,,10:10,16:30,bundara,rockit,6798,,,124,8,,,,,,,,,,,,,,,
2024-03-24,R119,,,07:00,08:41,bundara,rockit,6798,,,20,0,,,,,,,,,,,,,,,
2024-03-24,R120,,,09:00,16:30,sagar_ardmona,gala,6801,,,142,8,,,,,,,,,,,,,,,
2024-03-25,R121,,,07:00,09:10,sagar_ardmona,gala,6801,,,177,13,,,,,,,,,,,,,,,
2024-03-25,R122,,,09:10,11:10,sagar_produce,gala,6804,,,56,0,,,,,,,,,,,,,,,
2024-03-25,R123,,,11:10,15:15,akaal,gala,6807,,,81,7,,,,,,,,,,,,,,,1.5 hrs stop for drop test with Frank
2024-03-25,R124,,,15:15,17:30,pottenger,gala,6809,,,66,5,,,,,,,,,,,,,,,
2024-03-26,R125,,,06:15,06:30,sagar_ardmona,gala,6801,,,3,0,,,,,,,,,,,,,,,Changing from pottenger to punjab
2024-03-26,R126,,,06:30,11:10,punjab,gala,6810,,,132,0,,,,,,,,,,,,,,,
2024-03-26,R127,,,11:45,15:40,red_rich,kanzi,6811,,,149,0,,,,,,,,,,,,,,,Fruits built up at the diabolos
2024-03-26,R128,,,16:30,17:30,bundara,kanzi,6812,,,16,0,,,,,,,,,,,,,,,Few bins mixed size due while chaning out from the wrong program
2024-03-27,R129,,,06:00,09:50,bundara,kanzi,6812,,,135,16,,,,,,,,,,,,,,,
2024-03-27,R130,,,10:30,13:15,cricelli,pink_lady,6814,,,60,13,,,,,,,,,,,,,,,
2024-03-27,R131,,,13:15,17:30,plunketts,pink_lady,6816,,,160,3,,,,,,,,,,,,,,,
2024-03-28,R132,,,06:15,10:30,googs,gala,6817,,,97,5,,,,,,,,,,,,,,,delay due to program's setting
2024-03-28,R133,,,10:30,11:40,barry_bloggo,gala,6818,,,101,0,,,,,,,,,,,,,,,Re-run juice bin; stem crack problem
2024-04-02,R144,,,07:15,13:15,orsida,pink_lady,6820,,,200,0,,,,,,,,,,,,,,,
2024-04-02,R145,,,14:30,16:30,ardrossan,kanzi,6823,,,61,0,,,,,,,,,,,,,,,
2024-04-03,R146,,,07:00,10:22,ardrossan,kanzi,6823,,,102,0,,,,,,,,,,,,,,,
2024-04-03,R147,,,11:00,12:57,jk_anderson,granny_smith,6826,,,51,3,,,,,,,,,,,,,,,
2024-04-03,R148,,,12:57,16:00,bundara,granny_smith,6828,,,91,0,,,,,,,,,,,,,,,
2024-04-04,R149,,,06:00,07:10,bundara,granny_smith,6828,,,35,1,,,,,,,,,,,,,,,
2024-04-04,R150,,,07:45,11:40,crosbie,granny_smith,6831,,,111,2,,,,,,,,,,,,,,,
2024-04-04,R151,,,12:50,16:00,pottenger,gala,6832,,,98,4,,,,,,,,,,,,,,,
2024-04-05,R152,,,06:00,09:40,pottenger,gala,6832,,,88,0,,,,,,,,,,,,,,,
2024-04-05,R153,,,09:40,11:20,akaal,gala,6834,,,48,0,,,,,,,,,,,,,,,
2024-04-05,R154,,,11:17,12:57,sagar_ardmona,gala,6835,,,28,1,,,,,,,,,,,,,,,
2024-04-05,R155,,,12:57,14:05,sagar_produce,gala,6836,,,32,0,,,,,,,,,,,,,,,
2024-04-05,R156,,,14:05,14:37,punjab,gala,6838,,,15,1,,,,,,,,,,,,,,,
2024-04-05,R157,,,14:37,16:08,bundara,gala,6839,,,56,0,,,,,,,,,,,,,,,
2024-04-05,R158,,,06:00,12:35,bundara,rockit,6840,,,121,1,,,,,,,,,,,,,,,
2024-04-08,R159,,,07:00,10:43,barry_bloggo,pink_lady,6843,,,137,0,,,,,,,,,,,,,,,
2024-04-08,R160,,,10:43,14:34,cricelli,pink_lady,6844,,,121,3,,,,,,,,,,,,,,,
2024-04-08,R161,,,15:00,16:30,plunketts,pink_lady,6845,,,48,0,,,,,,,,,,,,,,,
2024-04-09,R162,,,06:58,10:30,plunketts,pink_lady,6845,,,115,0,,,,,,,,,,,,,,,
2024-04-09,R163,,,10:50,11:07,corso_lr,gala,6847,,,16,0,,,,,,,,,,,,,,,
2024-04-09,R164,,,11:07,16:00,googs,gala,6848,,,194,0,,,,,,,,,,,,,,,
2024-04-10,R165,,,07:00,09:07,googs,gala,6848,,,61,2,,,,,,,,,,,,,,,
2024-04-10,R166,,,09:45,15:52,jeftomson,pink_lady,6850,,,224,3,,,,,,,,,,,,,,,
2024-04-11,R167,,,07:00,09:50,ardrossan,kanzi,6852,,,112,0,,,,,,,,,,,,,,,
2024-04-11,R168,,,10:25,12:50,bundara,kanzi,6855,,,80,0,,,,,,,,,,,,,,,
2024-04-15,R169,,,07:16,12:52,googs,pink_lady,6859,,,165,16,,,,,,,,,,,,,,,infeed roller stuck
2024-04-15,R170,,,13:30,16:30,bundara,pink_lady,6862,,,118,0,,,,,,,,,,,,,,,small sized group mixed with larger sized fruit; have lodged incident to Greefa ref #st-9406
2024-04-16,R171,,,07:00,16:20,bundara,pink_lady,6862,,,341,22,,,,,,,,,,,,,,,
2024-04-17,R172,,,07:00,07:16,moondooma,granny_smith,6870,,,6,0,,,,,,,,,,,,,,,
2024-04-17,R173,,,07:16,08:45,punjab,granny_smith,6871,,,54,0,,,,,,,,,,,,,,,
2024-04-17,R174,,,08:45,15:00,sibio,granny_smith,6872,,,148,1,,,,,,,,,,,,,,,
2024-04-17,R175,,,15:30,16:20,bundara,kanzi,6876,,,38,0,,,,,,,,,,,,,,,
2024-04-18,R176,,,07:00,10:30,bundara,kanzi,6876,,,122,0,,,,,,,,,,,,,,,Driving rack 1 not working when cleaning out the fruit
2024-04-18,R177,,,13:00,16:30,ardrossan,modi,6879,,,25,0,,,,,,,,,,,,,,,an hour stop for Cameron and Blue to fix the 
2024-04-19,R178,,,10:00,16:10,ardrossan,modi,6879,,,215,0,,,,,,,,,,,,,,,4 hours stop for power shortage
2024-04-22,R179,,,06:20,08:31,vigliaturo,pink_lady,6883,,,64,4,,,,,,,,,,,,,,,
2024-04-22,R180,,,08:31,13:00,plunketts,pink_lady,6884,,,198,0,,,,,,,,,,,,,,,
2024-04-22,R181,,,13:00,16:30,bundara,pink_lady,6885,,,123,0,,,,,,,,,,,,,,,
2024-04-23,R182,,,07:00,12:50,bundara,pink_lady,6885,,,222,4,,,,,,,,,,,,,,,
2024-04-23,R183,,,12:50,15:30,bundara,pink_lady,6888,,,88,0,,,,,,,,,,,,,,,
2024-04-24,R184,,,07:20,13:20,mj_hall,modi,6890,,,200,8,,,,,,,,,,,,,,,
2024-04-24,R185,,,14:25,16:35,ardrossan,kanzi,6898,,,63,3,,,,,,,,,,,,,,,
2024-04-26,R186,,,07:00,15:05,pine,granny_smith,6899,,,240,2,,,,,,,,,,,,,,,
2024-04-30,R187,,,07:00,07:32,corso_cg,pink_lady,6906,,,21,0,,,,,,,,,,,,,,,
2024-04-30,R188,,,07:32,08:31,sagar_produce,pink_lady,6907,,,32,0,,,,,,,,,,,,,,,
2024-04-30,R189,,,08:31,16:25,moondooma,pink_lady,6908,,,252,3,,,,,,,,,,,,,,,
2024-05-01,R190,,,07:00,08:45,ardrossan,gala,6912,,,52,0,,,,,,,,,,,,,,,
2024-05-01,R191,,,10:14,11:46,bundara,gala,6917,,,54,0,,,,,,,,,,,,,,,
2024-05-01,R192,,,11:46,16:35,googs,gala,6918,,,181,0,,,,,,,,,,,,,,,
2024-05-02,R193,,,07:00,12:20,jk_anderson,granny_smith,6920,,,118,0,,,,,,,,,,,,,,,
2024-05-02,R194,,,12:44,14:10,bundara,rockit,6927,,,28,0,,,,,,,,,,,,,,,Andrew looking for bins to re-run
2024-05-03,R195,,,09:00,13:00,pottenger,pink_lady,6930,,,108,0,,,,,,,,,,,,,,,Andrew decided to run presize this morning
2024-05-06,R196,,,07:00,12:45,ardrossan,granny_smith,6932,,,157,0,,,,,,,,,,,,,,,Manual tipping 137
2024-05-06,R197,,,13:20,14:45,cricelli,granny_smith,6935,,,40,0,,,,,,,,,,,,,,,
2024-05-07,R198,,,07:27,11:28,adelaide_hills,kanzi,6939,,,76,0,,,,,,,,,,,,,,,half an hour late for moving bins out; Program issues stop for an hour
2024-05-07,R199,,,11:28,16:18,apple_thief,kanzi,6940,,,138,0,,,,,,,,,,,,,,,
2024-05-08,R200,,,07:00,09:30,apple_thief,kanzi,6941,,,106,1,,,,,,,,,,,,,,,60 bins' juice quality re-run
2024-05-08,R201,,,10:30,14:45,parris,bravo,6969,,,120,0,,,,,,,,,,,,,,,
2024-05-09,R202,,,07:03,12:56,pottenger,pink_lady,6945,,,121,0,,,,,,,,,,,,,,,
2024-05-09,R203,,,13:30,15:00,prima,granny_smith,6947,,,114,0,,,,,,,,,,,,,,,
2024-05-14,R204,,,07:15,11:10,battunga,kanzi,6949,,,108,8,,,,,,,,,,,,,,,
2024-05-14,R205,,,12:42,16:10,ardrossan,pink_lady,6952,,,73,1,,,,,,,,,,,,,,,40 mins wait for bin arrival
2024-05-15,R206,,,07:10,09:40,ardrossan,pink_lady,6952,,,41,0,,,,,,,,,,,,,,,
2024-05-15,R207,,,10:20,11:50,ardrossan,gala,6953,,,44,2,,,,,,,,,,,,,,,
2024-05-16,R208,,,07:00,09:30,ardrossan,gala,6953,,,62,0,,,,,,,,,,,,,,,
2024-05-16,R209,,,10:10,16:00,bundara,mi,6957,,,199,0,,,,,,,,,,,,,,,
2024-05-20,R210,,,06:55,20:40,googs,pink_lady,6960,,,66,0,,,,,,,,,,,,,,,
2024-05-20,R211,,,08:40,09:54,bundara,pink_lady,6961,,,44,0,,,,,,,,,,,,,,,
2024-05-20,R212,,,09:54,16:00,bundara,pink_lady,6962,,,184,1,,,,,,,,,,,,,,,
2024-05-21,R213,,,07:00,14:00,bundara,pink_lady,6962,,,218,10,,,,,,,,,,,,,,,
2024-05-22,R214,,,07:05,11:50,bundara,granny_smith,6967,,,121,0,,,,,,,,,,,,,,,
2024-05-22,R215,,,13:10,16:00,parris,bravo,6969,,,123,0,,,,,,,,,,,,,,,
2024-05-23,R216,,,07:00,16:00,ardrossan,modi,6972,,,303,22,,,,,,,,,,,,,,,
2024-05-24,R217,,,07:10,08:40,ardrossan,modi,6972,,,56,1,,,,,,,,,,,,,,,
2024-05-24,R218,,,09:35,12:35,pottenger,pink_lady,6975,,,73,2,,,,,,,,,,,,,,,
2024-05-27,R219,,,07:00,09:55,pottenger,granny_smith,6976,,,100,2,,,,,,,,,,,,,,,
2024-05-27,R220,,,10:38,16:25,valley_star,pink_lady,6974,,,184,4,,,,,,,,,,,,,,,
2024-05-28,R221,,,07:00,08:30,valley_star,pink_lady,6974,,,55,0,,,,,,,,,,,,,,,
2024-05-28,R222,,,08:55,16:05,ardrossan,modi,6980,,,262,2,,,,,,,,,,,,,,,chain broke finished early
2024-05-29,R223,,,07:00,08:15,pulsoni,modi,6980,,,45,1,,,,,,,,,,,,,,,
2024-05-29,R224,,,08:40,14:00,ardrossan,kanzi,6981,,,112,0,,,,,,,,,,,,,,,
2024-05-29,R225,,,14:35,16:15,googs,gala,6982,,,70,2,,,,,,,,,,,,,,,
2024-05-30,R226,,,08:00,09:30,googs,gala,6982,,,63,0,,,,,,,,,,,,,,,Late due to water not filling up
2024-05-30,R227,,,10:30,10:45,sagar_ardmona,pink_lady,6985,,,11,0,,,,,,,,,,,,,,,
2024-05-30,R228,,,10:45,13:50,hm_davies,pink_lady,6986,,,72,10,,,,,,,,,,,,,,,
2024-06-03,R229,,,07:50,09:25,bundara,granny_smith,6990,,,56,0,,,,,,,,,,,,,,,Pump error 45-49 hence late start; 2 retip
2024-06-03,R230,,,09:50,16:30,ardrossan,modi,6991,,,254,3,,,,,,,,,,,,,,,
2024-06-04,R231,,,07:00,11:00,ardrossan,modi,6991,,,123,4,,,,,,,,,,,,,,,
2024-06-04,R232,,,11:40,16:00,sciacca,pink_lady,6992,,,163,0,,,,,,,,,,,,,,,
2024-06-05,R233,,,07:00,09:27,ardrossan,pink_lady,6993,,,112,0,,,,,,,,,,,,,,,
2024-06-06,R234,,,07:00,09:07,apple_thief,kanzi,6995,,,65,0,,,,,,,,,,,,,,,
2024-06-06,R235,,,10:30,11:09,apple_thief,pink_lady,6996,,,15,0,,,,,,,,,,,,,,,
2024-06-11,R236,,,07:00,11:00,sibio,bravo,6997,,,108,2,,,,,,,,,,,,,,,
2024-06-12,R237,,,07:00,07:28,corso_lr,gala,6999,,,15,0,,,,,,,,,,,,,,,
2024-06-12,R238,,,07:28,11:19,punjab,gala,7000,,,94,9,,,,,,,,,,,,,,,
2024-06-12,R239,,,11:19,16:00,pottenger,gala,7001,,,105,0,,,,,,,,,,,,,,,
2024-06-13,R240,,,07:00,08:40,pottenger,gala,7001,,,16,5,,,,,,,,,,,,,,,cup test carried while error showing
2024-06-13,R241,,,09:00,14:47,sciacca,pink_lady,7002,,,164,0,,,,,,,,,,,,,,,
2024-06-14,R242,,,14:47,16:00,jv_orchards,pink_lady,7006,,,45,0,,,,,,,,,,,,,,,
2024-06-14,R243,,,07:00,09:19,jv_orchards,pink_lady,7006,,,55,0,,,,,,,,,,,,,,,
2024-06-14,R244,,,09:19,12:00,redland,pink_lady,7008,,,84,0,,,,,,,,,,,,,,,
2024-06-17,R245,,,07:00,09:15,ardrossan,kanzi,7010,,,78,2,,,,,,,,,,,,,,,
2024-06-17,R246,,,10:30,16:00,redland,gala,7013,,,162,12,,,,,,,,,,,,,,,
2024-06-18,R247,,,07:00,07:30,redland,gala,7013,,,24,0,,,,,,,,,,,,,,,
2024-06-18,R248,,,09:00,11:45,ardrossan,pink_lady,7018,,,84,0,,,,,,,,,,,,,,,
2024-06-18,R249,,,13:20,16:15,bundara,granny_smith,7020,,,81,2,,,,,,,,,,,,,,,
2024-06-19,R250,,,07:00,09:50,bundara,granny_smith,7020,,,90,3,,,,,,,,,,,,,,,
2024-06-19,R251,,,12:00,16:15,sciacca,pink_lady,7021,,,132,0,,,,,,,,,,,,,,,
2024-06-20,R252,,,07:00,08:45,sciacca,pink_lady,7021,,,60,0,,,,,,,,,,,,,,,
2024-06-20,R253,,,10:00,16:10,bundara,pink_lady,7023,,,161,9,,,,,,,,,,,,,,,
2024-06-21,R254,,,09:30,14:15,acn_orchards,pink_lady,7025,,,120,0,,,,,,,,,,,,,,,
2024-06-24,R255,,,07:00,14:05,redland,pink_lady,7026,,,165,0,,,,,,,,,,,,,,,
2024-06-25,R256,,,07:00,12:30,sciacca,pink_lady,7027,,,180,0,,,,,,,,,,,,,,,
2024-06-25,R257,,,13:15,16:00,akaal,pink_lady,7029,,,94,4,,,,,,,,,,,,,,,
2024-06-26,R258,,,07:00,10:20,akaal,pink_lady,7029,,,104,1,,,,,,,,,,,,,,,
2024-06-26,R259,,,11:45,14:50,redland,gala,7031,,,95,0,,,,,,,,,,,,,,,
2024-06-26,R260,,,15:05,16:10,pine ,granny_smith,7032,,,30,0,,,,,,,,,,,,,,,
2024-07-01,R261,,,08:00,10:00,bundara,pink_lady,7038,,,59,4,,,,,,,,,,,,,,,
2024-07-01,R262,,,11:00,13:31,sagar_ardmona,gala,7040,,,37,0,,,,,,,,,,,,,,,
2024-07-01,R263,,,13:31,16:08,googs,gala,7041,,,82,21,,,,,,,,,,,,,,,
2024-07-02,R264,,,07:00,09:02,ardrossan,bravo,7042,,,65,0,,,,,,,,,,,,,,,
2024-07-02,R265,,,09:02,09:50,ardrossan,bravo,7044,,,25,0,,,,,,,,,,,,,,,
2024-07-02,R266,,,10:27,12:30,ardrossan,kanzi,7046,,,56,0,,,,,,,,,,,,,,,
2024-07-03,R267,,,07:00,09:00,ardrossan,kanzi,7046,,,55,0,,,,,,,,,,,,,,,
2024-07-03,R268,,,10:30,14:30,prima,granny_smith,7047,,,125,0,,,,,,,,,,,,,,,Contract Pack
2024-07-03,R269,,,15:00,16:30,redland,gala,7048,,,52,0,,,,,,,,,,,,,,,
2024-07-04,R270,,,07:00,08:33,redland,gala,7048,,,80,0,,,,,,,,,,,,,,,
2024-07-04,R271,,,09:07,12:35,redland,pink_lady,7049,,,132,0,,,,,,,,,,,,,,,
2024-07-04,R272,,,13:45,16:06,bundara,pink_lady,7051,,,63,0,,,,,,,,,,,,,,,Pollinator trees
2024-07-04,R273,,,16:06,16:34,bundara,pink_lady,7052,,,12,0,,,,,,,,,,,,,,,B-18
2024-07-05,R274,,,07:00,12:25,bundara,pink_lady,7052,,,177,0,,,,,,,,,,,,,,,
2024-07-08,R275,,,06:53,10:48,crosbie,granny_smith,7054,,,96,0,,,,,,,,,,,,,,,
2024-07-08,R276,,,10:48,13:47,sagar_ardmona,granny_smith,7055,,,47,2,,,,,,,,,,,,,,,
2024-07-08,R277,,,13:47,15:04,ardrossan,bravo,7058,,,32,4,,,,,,,,,,,,,,,
2024-07-08,R278,,,15:04,16:30,ardrossan,bravo,7060,,,29,2,,,,,,,,,,,,,,,
2024-07-09,R279,,,07:00,08:14,ardrossan,bravo,7060,,,23,0,,,,,,,,,,,,,,,
2024-07-09,R280,,,09:30,17:00,sciacca,pink_lady,7062,,,265,6,,,,,,,,,,,,,,,
2024-07-10,R281,,,10:11,16:10,bundara,pink_lady,7063,,,172,0,,,,,,,,,,,,,,,
2024-07-11,R282,,,07:00,09:23,ardrossan,gala,7065,,,59,0,,,,,,,,,,,,,,,
2024-07-11,R283,,,09:23,12:00,ardrossan,gala,7065,,,53,0,,,,,,,,,,,,,,,Woolburn
2024-07-11,R284,,,13:00,15:40,ardrossan,kanzi,7069,,,80,0,,,,,,,,,,,,,,,
2024-07-12,R285,,,07:00,08:00,ardrossan,kanzi,7069,,,31,0,,,,,,,,,,,,,,,
2024-07-12,R286,,,08:30,09:55,redland,gala,7070,,,58,7,,,,,,,,,,,,,,,
2024-07-12,R287,,,10:30,10:52,plunketts,gala,7073,,,18,0,,,,,,,,,,,,,,,
2024-07-12,R288,,,10:52,14:30,googs,gala,7075,,,88,1,,,,,,,,,,,,,,,
2024-07-15,R289,,,07:00,09:12,ardrossan,pink_lady,7077,,,82,0,,,,,,,,,,,,,,,Woolburn
2024-07-15,R290,,,09:30,11:45,pottenger,pink_lady,7078,,,60,0,,,,,,,,,,,,,,,
2024-07-15,R291,,,11:46,15:15,punjab,pink_lady,7079,,,86,1,,,,,,,,,,,,,,,
2024-07-15,R292,,,15:50,16:25,bundara,granny_smith,7081,,,12,0,,,,,,,,,,,,,,,
2024-07-16,R293,,,07:00,10:00,bundara,granny_smith,7081,,,107,4,,,,,,,,,,,,,,,
2024-07-16,R294,,,11:00,14:55,pottenger,granny_smith,7084,,,100,2,,,,,,,,,,,,,,,
2024-07-16,R295,,,14:55,16:00,redland,granny_smith,7085,,,36,10,,,,,,,,,,,,,,,
2024-07-17,R296,,,07:00,10:20,redland,granny_smith,7085,,,141,0,,,,,,,,,,,,,,,
2024-07-17,R297,,,10:20,16:30,acn_orchards,granny_smith,7087,,,233,0,,,,,,,,,,,,,,,
2024-07-18,R298,,,07:00,07:40,acn_orchards,granny_smith,7087,,,32,2,,,,,,,,,,,,,,,
2024-07-18,R299,,,08:00,12:20,ardrossan,kanzi,7088,,,112,0,,,,,,,,,,,,,,,
2024-07-18,R300,,,13:10,16:00,ardrossan,bravo,7089,,,80,6,,,,,,,,,,,,,,,
2024-07-19,R301,,,07:00,09:40,pottenger,pink_lady,7090,,,80,0,,,,,,,,,,,,,,,
2024-07-22,R302,,,07:00,14:41,akaal,pink_lady,7091,,,236,5,,,,,,,,,,,,,,,
2024-07-22,R303,,,14:41,16:20,punjab,pink_lady,7092,,,51,0,,,,,,,,,,,,,,,
2024-07-23,R304,,,07:16,09:20,punjab,pink_lady,7092,,,131,0,,,,,,,,,,,,,,,
2024-07-23,R305,,,10:20,14:45,bundara,pink_lady,7093,,,150,0,,,,,,,,,,,,,,,
2024-07-24,R306,,,07:00,09:40,ardrossan,kanzi,7097,,,80,0,,,,,,,,,,,,,,,
2024-07-29,R307,,,07:00,11:00,ardrossan,kanzi,7099,,,112,0,,,,,,,,,,,,,,,
2024-07-29,R308,,,11:20,14:42,ardrossan,gala,7101,,,77,3,,,,,,,,,,,,,,,
2024-07-29,R309,,,15:30,16:00,loverso_anthony,pink_lady,7103,,,25,0,,,,,,,,,,,,,,,
2024-07-29,R310,,,16:00,16:20,sagar_ardmona,pink_lady,7104,,,6,0,,,,,,,,,,,,,,,
2024-07-30,R311,,,07:00,08:41,sagar_ardmona,pink_lady,7104,,,60,0,,,,,,,,,,,,,,,
2024-07-30,R312,,,08:41,09:46,sagar_produce,pink_lady,7105,,,37,0,,,,,,,,,,,,,,,
2024-07-30,R313,,,09:46,13:48,bundara,pink_lady,7106,,,88,1,,,,,,,,,,,,,,,
2024-07-30,R314,,,14:00,16:20,akaal,pink_lady,7107,,,76,4,,,,,,,,,,,,,,,
2024-07-31,R315,,,07:00,09:00,akaal,pink_lady,7107,,,68,0,,,,,,,,,,,,,,,
2024-07-31,R316,,,09:28,13:30,battunga,kanzi,7109,,,106,2,,,,,,,,,,,,,,,
2024-07-31,R317,,,14:20,16:25,bundara,granny_smith,7111,,,65,0,,,,,,,,,,,,,,,
2024-08-01,R318,,,07:00,09:40,bundara,granny_smith,7111,,,95,0,,,,,,,,,,,,,,,
2024-08-01,R319,,,10:07,12:36,googs,gala,7113,,,34,0,,,,,,,,,,,,,,,
2024-08-01,R320,,,12:36,14:01,ardrossan,pink_lady,7115,,,45,0,,,,,,,,,,,,,,,
2024-08-01,R321,,,14:01,16:45,ardrossan,pink_lady,7117,,,56,0,,,,,,,,,,,,,,,
2024-08-01,R322,,,07:00,09:45,ardrossan,bravo,7118,,,100,0,,,,,,,,,,,,,,,
2024-08-05,R323,,,07:00,12:05,bundara,pink_lady,7121,,,161,0,,,,,,,,,,,,,,,
2024-08-05,R324,,,12:05,14:20,bundara,pink_lady,7122,,,51,0,,,,,,,,,,,,,,,
2024-08-05,R325,,,15:03,16:35,ardrossan,kanzi,7123,,,54,0,,,,,,,,,,,,,,,
2024-08-06,R326,,,07:25,09:15,ardrossan,kanzi,7123,,,63,0,,,,,,,,,,,,,,,
2024-08-06,R327,,,09:30,11:48,redland,gala,7124,,,68,0,,,,,,,,,,,,,,,
2024-08-06,R328,,,13:00,15:00,ardrossan,granny_smith,7126,,,71,0,,,,,,,,,,,,,,,
2024-08-06,R329,,,15:45,16:45,pine,granny_smith,7128,,,25,0,,,,,,,,,,,,,,,
2024-08-07,R330,,,07:00,12:10,pine,granny_smith,7128,,,118,0,,,,,,,,,,,,,,,
2024-08-07,R331,,,13:10,13:48,akaal,pink_lady,7131,,,26,0,,,,,,,,,,,,,,,
2024-08-07,R332,,,13:48,15:19,ardrossan,pink_lady,7133,,,64,0,,,,,,,,,,,,,,,
2024-08-07,R333,,,15:19,16:26,bundara,pink_lady,7134,,,33,0,,,,,,,,,,,,,,,
2024-08-08,R334,,,07:00,11:33,plunketts,pink_lady,7135,,,151,0,,,,,,,,,,,,,,,
2024-08-08,R335,,,11:33,13:30,allendale,pink_lady,7136,,,80,0,,,,,,,,,,,,,,,
2024-08-12,R336,,,07:00,09:36,ardrossan,kanzi,7137,,,80,0,,,,,,,,,,,,,,,
2024-08-12,R337,,,09:36,12:49,ardrossan,kanzi,7138,,,56,0,,,,,,,,,,,,,,,
2024-08-12,R338,,,13:16,16:40,battunga,kanzi,7139,,,113,0,,,,,,,,,,,,,,,
2024-08-13,R339,,,06:55,10:00,ardrossan,gala,7141,,,107,0,,,,,,,,,,,,,,,
2024-08-13,R340,,,10:30,12:30,redland,gala,7144,,,57,0,,,,,,,,,,,,,,,
2024-08-13,R341,,,13:20,15:30,ardrossan,red_delicious,7146,,,59,0,,,,,,,,,,,,,,,
2024-08-14,R342,,,07:10,08:29,shaholli,granny_smith,7147,,,48,0,,,,,,,,,,,,,,,
2024-08-14,R343,,,08:29,14:32,nks_fresh,granny_smith,7148,,,109,0,,,,,,,,,,,,,,,
2024-08-19,R344,,,07:50,10:05,googs,pink_lady,7152,,,80,0,,,,,,,,,,,,,,,
2024-08-19,R345,,,10:25,10:42,bundara,pink_lady,7153,,,7,0,,,,,,,,,,,,,,,
2024-08-19,R346,,,10:42,10:58,plunketts,pink_lady,7154,,,9,0,,,,,,,,,,,,,,,
2024-08-19,R347,,,10:58,11:25,mixed,pink_lady,7155,,,13,0,,,,,,,,,,,,,,,allendale x 9 ; pottenger x 4
2024-08-19,R348,,,11:25,16:02,sagar_ardmona,pink_lady,7156,,,132,0,,,,,,,,,,,,,,,
2024-08-19,R349,,,16:02,16:20,akaal,pink_lady,7157,,,8,0,,,,,,,,,,,,,,,
2024-08-20,R350,,,07:30,10:15,akaal,pink_lady,7157,,,87,0,,,,,,,,,,,,,,,
2024-08-20,R351,,,10:30,13:21,crosbie,granny_smith,7161,,,61,0,,,,,,,,,,,,,,,
2024-08-20,R352,,,13:21,16:20,kaso,granny_smith,7162,,,89,0,,,,,,,,,,,,,,,
2024-08-21,R353,,,07:30,09:55,kaso,granny_smith,7162,,,73,0,,,,,,,,,,,,,,,
2024-08-21,R354,,,10:38,13:30,ardrossan,kanzi,7164,,,93,0,,,,,,,,,,,,,,,
2024-08-26,R355,,,08:10,15:31,bundara,pink_lady,7171,,,236,0,,,,,,,,,,,,,,,
2024-08-26,R356,,,15:48,16:36,plunketts,pink_lady,7173,,,17,0,,,,,,,,,,,,,,,
2024-08-27,R357,,,07:22,08:47,plunketts,pink_lady,7173,,,43,0,,,,,,,,,,,,,,,
2024-08-27,R358,,,08:47,12:45,pottenger,pink_lady,7174,,,117,0,,,,,,,,,,,,,,,
2024-08-27,R359,,,13:25,15:28,ardrossan,pink_lady,7175,,,80,0,,,,,,,,,,,,,,,
2024-08-27,R360,,,15:54,16:30,redland,pink_lady,7176,,,21,0,,,,,,,,,,,,,,,
2024-08-28,R361,,,07:30,10:43,redland,pink_lady,7176,,,111,0,,,,,,,,,,,,,,,
2024-08-28,R362,,,10:43,12:07,shaholli,pink_lady,7178,,,27,0,,,,,,,,,,,,,,,
2024-08-28,R363,,,13:00,16:30,bundara,granny_smith,7180,,,121,0,,,,,,,,,,,,,,,
2024-08-29,R364,,,07:30,08:17,bundara,granny_smith,7180,,,23,0,,,,,,,,,,,,,,,
2024-08-29,R365,,,08:17,12:38,sciacca,granny_smith,7181,,,120,0,,,,,,,,,,,,,,,
2024-08-29,R366,,,13:25,16:30,sciacca,pink_lady,7182,,,123,0,,,,,,,,,,,,,,,
2024-08-30,R367,,,07:30,09:54,sciacca,pink_lady,7182,,,77,0,,,,,,,,,,,,,,,
2024-08-30,R368,,,10:15,15:10,ardrossan,kanzi,7183,,,112,0,,,,,,,,,,,,,,,
2024-09-02,R369,,,07:40,08:40,moondooma,pink_lady,7184,,,29,10,,,,,,,,,,,,,,,
2024-09-02,R370,,,08:40,12:00,punjab,pink_lady,7186,,,85,1,,,,,,,,,,,,,,,
2024-09-02,R371,,,12:00,15:23,sagar_ardmona,pink_lady,7187,,,97,0,,,,,,,,,,,,,,,
2024-09-02,R372,,,15:23,16:40,akaal,pink_lady,7190,,,39,0,,,,,,,,,,,,,,,
2024-09-03,R373,,,07:30,11:53,akaal,pink_lady,7190,,,148,0,,,,,,,,,,,,,,,
2024-09-03,R374,,,13:00,14:57,redland,gala,7192,,,66,0,,,,,,,,,,,,,,,
2024-09-03,R375,,,14:57,16:30,ardrossan,kanzi,7194,,,44,0,,,,,,,,,,,,,,,
2024-09-04,R376,,,07:30,07:51,ardrossan,kanzi,7194,,,12,0,,,,,,,,,,,,,,,
2024-09-04,R377,,,07:51,09:51,ardrossan,kanzi,7195,,,56,0,,,,,,,,,,,,,,,
2024-09-04,R378,,,10:51,16:30,acn_orchards,granny_smith,7197,,,200,0,,,,,,,,,,,,,,,25 hatbins
2024-09-05,R379,,,07:30,09:55,acn_orchards,granny_smith,7197,,,64,0,,,,,,,,,,,,,,,additional 10 hatbins
2024-09-05,R380,,,10:20,14:35,redland,pink_lady,7200,,,132,0,,,,,,,,,,,,,,,
2024-09-09,R381,,,08:00,12:21,nks_fresh,granny_smith,7202,,,109,0,,,,,,,,,,,,,,,30 mins late start due to program settings; peelers run
2024-09-09,R382,,,13:00,13:39,shaholli,granny_smith,7204,,,21,0,,,,,,,,,,,,,,,
2024-09-09,R383,,,13:39,16:25,im_sweet,granny_smith,7206,,,83,0,,,,,,,,,,,,,,,
2024-09-10,R384,,,07:30,15:36,bundara,granny_smith,7207,,,160,0,,,,,,,,,,,,,,,machine brokedown for 2 hours
2024-09-11,R385,,,07:30,08:55,ardrossan,kanzi,7210,,,55,0,,,,,,,,,,,,,,,
2024-09-11,R386,,,08:55,11:50,ardrossan,kanzi,7211,,,52,0,,,,,,,,,,,,,,,
2024-09-11,R387,,,11:50,14:43,redland,gala,7212,,,68,0,,,,,,,,,,,,,,,
2024-09-11,R388,,,14:43,16:10,redland,pink_lady,7213,,,67,0,,,,,,,,,,,,,,,
2024-09-12,R389,,,07:00,08:08,superfresh,pink_lady,7215,,,28,0,,,,,,,,,,,,,,,
2024-09-12,R390,,,08:08,08:57,pottenger,pink_lady,7216,,,37,0,,,,,,,,,,,,,,,
2024-09-12,R391,,,09:08,11:54,allendale,pink_lady,7217,,,97,0,,,,,,,,,,,,,,,
2024-09-12,R392,,,11:54,16:30,akaal,pink_lady,7218,,,112,0,,,,,,,,,,,,,,,
2024-09-13,R393,,,07:08,11:30,akaal,pink_lady,7218,,,108,0,,,,,,,,,,,,,,,
2024-09-16,R394,,,07:40,09:40,ardrossan,gala,7222,,,57,0,,,,,,,,,,,,,,,
2024-09-16,R395,,,10:35,16:30,ardrossan,pink_lady,7225,,,41,0,,,,,,,,,,,,,,,
2024-09-17,R396,,,07:30,10:00,ardrossan,pink_lady,7225,,,71,0,,,,,,,,,,,,,,,
2024-09-17,R397,,,10:00,14:53,pottenger,pink_lady,7226,,,108,0,,,,,,,,,,,,,,,
2024-09-17,R398,,,14:53,16:00,sagar_produce,pink_lady,7228,,,24,0,,,,,,,,,,,,,,,
2024-09-18,R399,,,07:30,09:06,sagar_produce,pink_lady,7228,,,46,0,,,,,,,,,,,,,,,
2024-09-18,R400,,,09:06,11:10,sagar_ardmona,pink_lady,7229,,,32,0,,,,,,,,,,,,,,,
2024-09-23,R401,,,07:35,11:15,battunga,kanzi,7231,,,108,0,,,,,,,,,,,,,,,
2024-09-23,R402,,,11:55,14:01,bundara,pink_lady,7232,,,56,0,,,,,,,,,,,,,,,
2024-09-23,R403,,,14:01,16:30,plunketts,pink_lady,7233,,,58,0,,,,,,,,,,,,,,,
2024-09-24,R404,,,07:00,09:55,plunketts,pink_lady,7233,,,84,0,,,,,,,,,,,,,,,
2024-09-24,R405,,,10:20,14:03,sagar_produce,pink_lady,7234,,,65,0,,,,,,,,,,,,,,,
2024-09-24,R406,,,14:30,16:30,moondooma,granny_smith,7235,,,57,0,,,,,,,,,,,,,,,
2024-09-25,R407,,,07:10,09:35,moondooma,granny_smith,7235,,,53,0,,,,,,,,,,,,,,,
2024-09-25,R408,,,09:35,15:10,bundara,granny_smith,7237,,,118,0,,,,,,,,,,,,,,,
2024-09-25,R409,,,15:25,17:00,ardrossan,kanzi,7239,,,42,0,,,,,,,,,,,,,,,
2024-09-26,R410,,,07:30,08:30,ardrossan,kanzi,7239,,,35,0,,,,,,,,,,,,,,,
2024-09-26,R411,,,13:16,15:05,ardrossan,kanzi,7240,,,56,0,,,,,,,,,,,,,,,
2024-09-26,R412,,,15:05,17:10,ardrossan,kanzi,7239,,,56,0,,,,,,,,,,,,,,,
2024-09-30,R413,,,07:10,08:45,redland,gala,7241,,,63,0,,,,,,,,,,,,,,,
2024-09-30,R414,,,09:00,14:39,superfresh,pink_lady,7242,,,151,0,,,,,,,,,,,,,,,
2024-10-01,R415,,,07:30,14:46,sciacca,granny_smith,7243,,,198,0,,,,,,,,,,,,,,,
2024-10-01,R416,,,15:22,16:30,sciacca,pink_lady,7246,,,39,0,,,,,,,,,,,,,,,
2024-10-02,R417,,,07:00,11:00,sciacca,pink_lady,7246,,,145,0,,,,,,,,,,,,,,,
2024-10-02,R418,,,12:03,15:30,bundara,granny_smith,7247,,,100,0,,,,,,,,,,,,,,,
2024-10-03,R419,,,11:00,12:18,bundara,granny_smith,7247,,,42,0,,,,,,,,,,,,,,,
2024-10-03,R420,,,14:10,16:07,ardrossan,kanzi,7249,,,62,0,,,,,,,,,,,,,,,
2024-10-03,R421,,,16:07,17:10,ardrossan,kanzi,7251,,,30,0,,,,,,,,,,,,,,,
2024-10-04,R422,,,07:00,08:40,ardrossan,kanzi,7251,,,40,0,,,,,,,,,,,,,,,
2024-10-07,R423,,,08:40,10:52,red_leaf_fresh,granny_smith,7252,,,66,0,,,,,,,,,,,,,,,
2024-10-07,R424,,,10:52,16:10,red_leaf_fresh,granny_smith,7253,,,156,0,,,,,,,,,,,,,,,
2024-10-08,R425,,,08:10,10:50,red_leaf_fresh,pink_lady,7254,,,99,0,,,,,,,,,,,,,,,
2024-10-08,R426,,,10:50,15:30,red_leaf_fresh,pink_lady,7255,,,142,0,,,,,,,,,,,,,,,
2024-10-09,R427,,,09:35,11:07,red_leaf_fresh,pink_lady,7255,,,22,0,,,,,,,,,,,,,,,
2024-10-09,R428,,,11:07,12:35,ardrossan,bravo,7257,,,40,0,,,,,,,,,,,,,,,
2024-10-09,R429,,,13:15,16:20,acn_orchards,granny_smith,7258,,,108,0,,,,,,,,,,,,,,,
2024-10-10,R430,,,08:00,11:00,acn_orchards,granny_smith,7258,,,108,0,,,,,,,,,,,,,,,
2024-10-10,R431,,,11:55,16:30,bundara,pink_lady,7259,,,132,0,,,,,,,,,,,,,,,
2024-10-11,R432,,,08:00,14:30,bundara,pink_lady,7259,,,185,0,,,,,,,,,,,,,,,
2024-10-14,R433,,,07:00,10:05,ardrossan,kanzi,7261,,,102,0,,,,,,,,,,,,,,,
2024-10-14,R434,,,10:25,12:16,ardrossan,kanzi,7262,,,56,0,,,,,,,,,,,,,,,
2024-10-14,R435,,,13:10,16:30,bundara,granny_smith,7263,,,108,0,,,,,,,,,,,,,,,
2024-10-15,R436,,,07:00,09:15,bundara,granny_smith,7263,,,52,0,,,,,,,,,,,,,,,
2024-10-15,R437,,,09:47,14:30,allendale,granny_smith,7264,,,120,0,,,,,,,,,,,,,,,
2024-10-15,R438,,,15:00,16:31,pottenger,pink_lady,7265,,,48,0,,,,,,,,,,,,,,,
2024-10-16,R439,,,07:00,13:39,plunketts,pink_lady,7266,,,164,0,,,,,,,,,,,,,,,
2024-10-17,R440,,,09:00,10:53,ardrossan,pink_lady,7267,,,56,0,,,,,,,,,,,,,,,
2024-10-17,R441,,,10:53,13:19,ardrossan,pink_lady,7268,,,58,0,,,,,,,,,,,,,,,Woodburn
2024-10-17,R442,,,15:30,15:46,ardrossan,pink_lady,7268,,,6,0,,,,,,,,,,,,,,,
2024-10-17,R443,,,15:46,16:26,ardrossan,pink_lady,7269,,,16,0,,,,,,,,,,,,,,,Go-cup
2024-10-21,R444,,,07:30,10:03,ardrossan,kanzi,7270,,,66,0,,,,,,,,,,,,,,,
2024-10-21,R445,,,10:40,16:30,red_leaf_fresh,bravo,7271,,,97,0,,,,,,,,,,,,,,,kaarimba
2024-10-22,R446,,,07:05,09:20,red_leaf_fresh,bravo,7271,,,37,0,,,,,,,,,,,,,,,
2024-10-22,R447,,,10:24,14:02,acn_orchards,pink_lady,7272,,,160,0,,,,,,,,,,,,,,,
2024-10-22,R448,,,14:02,16:26,googs,pink_lady,7273,,,79,0,,,,,,,,,,,,,,,
2024-10-23,R449,,,07:00,12:30,googs,pink_lady,7273,,,168,0,,,,,,,,,,,,,,,
2024-10-23,R450,,,13:10,16:30,acn_orchards,granny_smith,7274,,,120,0,,,,,,,,,,,,,,,Contract Pack
2024-10-24,R451,,,07:00,12:14,acn_orchards,granny_smith,7274,,,210,0,,,,,,,,,,,,,,,
2024-10-24,R452,,,13:00,16:00,bundara,granny_smith,7275,,,101,0,,,,,,,,,,,,,,,
2024-10-25,R453,,,07:00,13:30,bundara,granny_smith,7275,,,154,0,,,,,,,,,,,,,,,
2024-10-28,R454,,,07:05,11:12,shepp_orchards,pink_lady,7276,,,87,0,,,,,,,,,,,,,,,
2024-10-28,R455,,,11:12,16:15,punjab,pink_lady,7277,,,156,0,,,,,,,,,,,,,,,
2024-10-29,R456,,,07:00,07:40,punjab,pink_lady,7277,,,19,0,,,,,,,,,,,,,,,
2024-10-29,R457,,,07:40,16:20,bundara,pink_lady,7278,,,277,0,,,,,,,,,,,,,,,
2024-10-30,R458,,,11:00,17:00,red_leaf_fresh,bravo,7279,,,100,0,,,,,,,,,,,,,,,
2024-10-31,R459,,,07:00,09:20,red_leaf_fresh,bravo,7279,,,40,0,,,,,,,,,,,,,,,
2024-10-31,R460,,,10:30,15:10,dellios,granny_smith,7281,,,90,0,,,,,,,,,,,,,,,
2024-11-04,R461,,,07:05,11:53,red_leaf_fresh,bravo,7282,,,93,0,,,,,,,,,,,,,,,"iFA not working, timing does not sync with cup's movemetn"
2024-11-06,R462,,,09:00,16:03,bundara,granny_smith,7283,,,190,0,,,,,,,,,,,,,,,Infeed error not able to switch on; IFA is off
2024-11-06,R463,,,16:03,17:00,moondooma,granny_smith,7284,,,28,0,,,,,,,,,,,,,,,
2024-11-07,R464,,,07:10,08:35,moondooma,granny_smith,7284,,,41,0,,,,,,,,,,,,,,,
2024-11-07,R465,,,09:40,13:35,ardrossan,pink_lady,7286,,,79,0,,,,,,,,,,,,,,,Woodburn
2024-11-07,R466,,,13:35,14:30,ardrossan,pink_lady,7287,,,33,0,,,,,,,,,,,,,,,Ardossan
2024-11-07,R467,,,15:05,15:45,akaal,pink_lady,7288,,,28,0,,,,,,,,,,,,,,,
2024-11-07,R468,,,15:45,16:16,sagar_produce,pink_lady,7289,,,10,0,,,,,,,,,,,,,,,
2024-11-08,R469,,,07:00,08:35,sagar_produce ,pink_lady,7289,,,38,0,,,,,,,,,,,,,,,
2024-11-08,R470,,,08:36,09:44,punjab,pink_lady,7290,,,66,0,,,,,,,,,,,,,,,
2024-11-08,R471,,,09:44,16:07,googs,pink_lady,7292,,,198,0,,,,,,,,,,,,,,,
2024-11-11,R472,,,07:00,15:05,bundara,pink_lady,7293,,,232,0,,,,,,,,,,,,,,,
2024-11-11,R473,,,15:48,16:27,allendale,granny_smith,7294,,,24,0,,,,,,,,,,,,,,,
2024-11-12,R474,,,07:00,10:40,allendale,granny_smith,7294,,,99,0,,,,,,,,,,,,,,,
2024-11-12,R475,,,10:40,15:30,bundara,granny_smith,7295,,,120,0,,,,,,,,,,,,,,,
2024-11-18,R476,,,08:30,14:00,bundara,pink_lady,7297,,,138,0,,,,,,,,,,,,,,,
2024-11-18,R477,,,14:00,16:17,plunketts,pink_lady,7298,,,84,0,,,,,,,,,,,,,,,
2024-11-19,R478,,,07:00,13:40,akaal,pink_lady,7299,,,153,0,,,,,,,,,,,,,,,
2024-11-19,R479,,,14:00,16:00,bundara,granny_smith,7301,,,76,0,,,,,,,,,,,,,,,
2024-11-20,R480,,,07:00,15:00,bundara,granny_smith,7301,,,182,0,,,,,,,,,,,,,,,
2024-11-20,R481,,,15:00,15:31,allendale,granny_smith,7300,,,20,0,,,,,,,,,,,,,,,
2024-11-21,R482,,,11:00,12:50,allendale,granny_smith,7300,,,34,0,,,,,,,,,,,,,,,
2024-11-25,R483,,,07:00,11:45,allendale,granny_smith,7303,,,124,0,,,,,,,,,,,,,,,
2024-11-25,R484,,,11:50,16:15,bundara,granny_smith,7304,,,108,0,,,,,,,,,,,,,,,
2024-11-26,R485,,,07:00,08:30,bundara,granny_smith,7304,,,42,0,,,,,,,,,,,,,,,
2024-11-26,R486,,,09:05,14:10,im_sweet,pink_lady,7305,,,137,0,,,,,,,,,,,,,,,
2024-11-26,R487,,,14:10,16:20,punjab,pink_lady,7306,,,80,0,,,,,,,,,,,,,,,
2024-11-27,R488,,,07:00,12:00,punjab,pink_lady,7306,,,163,0,,,,,,,,,,,,,,,
2024-11-27,R489,,,12:00,16:15,bundara,pink_lady,7307,,,105,0,,,,,,,,,,,,,,,
2024-11-28,R490,,,07:30,11:50,bundara,pink_lady,7307,,,100,0,,,,,,,,,,,,,,,
2024-12-03,R491,,,07:15,09:35,acn_orchards,granny_smith,7308,,,66,0,,,,,,,,,,,,,,,
2024-12-03,R492,,,09:35,16:15,bundara,granny_smith,7309,,,125,0,,,,,,,,,,,,,,,
2024-12-04,R493,,,06:50,11:30,bundara,granny_smith,7309,,,83,0,,,,,,,,,,,,,,,
2024-12-04,R494,,,12:09,16:22,plunketts,pink_lady,7311,,,97,0,,,,,,,,,,,,,,,
2024-12-05,R495,,,07:00,11:00,plunketts,pink_lady,7311,,,101,0,,,,,,,,,,,,,,,
2024-12-05,R496,,,11:00,16:20,bundara,pink_lady,7312,,,140,0,,,,,,,,,,,,,,,
2024-12-06,R497,,,07:00,10:40,ardrossan,pink_lady,7313,,,79,0,,,,,,,,,,,,,,,
2024-12-09,R498,,,06:55,08:40,sagar_ardmona,granny_smith,7318,,,57,0,,,,,,,,,,,,,,,
2024-12-09,R499,,,08:40,11:40,sagar_produce,granny_smith,7319,,,67,0,,,,,,,,,,,,,,,
2024-12-09,R500,,,11:55,16:15,acn_orchards,granny_smith,7321,,,112,0,,,,,,,,,,,,,,,
2024-12-10,R501,,,07:00,07:20,acn_orchards,granny_smith,7321,,,20,0,,,,,,,,,,,,,,,
2024-12-10,R502,,,07:20,16:15,bundara,granny_smith,7327,,,183,0,,,,,,,,,,,,,,,
2024-12-11,R503,,,07:00,09:42,bundara,granny_smith,7327,,,69,0,,,,,,,,,,,,,,,
2024-12-11,R504,,,10:20,16:30,acn_orchards,pink_lady,7329,,,175,0,,,,,,,,,,,,,,,
2024-12-12,R505,,,07:00,10:00,acn_orchards,pink_lady,7329,,,145,0,,,,,,,,,,,,,,,
2024-12-12,R506,,,10:30,16:15,bundara,pink_lady,7330,,,126,0,,,,,,,,,,,,,,,
2024-12-13,R507,,,10:15,14:40,bundara,pink_lady,7330,,,49,0,,,,,,,,,,,,,,,
2024-12-13,R508,,,14:40,15:50,redland,pink_lady,7334,,,28,0,,,,,,,,,,,,,,,
2024-12-13,R509,,,16:15,16:20,apteds_orchards,bravo,7335,,,2,0,,,,,,,,,,,,,,,
2024-12-13,R510,,,16:20,16:50,shepp_orchards,bravo,7336,,,16,0,,,,,,,,,,,,,,,
2024-12-17,R511,,,07:00,11:15,ardrossan,pink_lady,7345,,,93,0,,,,,,,,,,,,,,,
2024-12-17,R512,,,11:40,16:20,googs,pink_lady,7347,,,85,4,,,,,,,,,,,,,,,
2024-12-18,R513,,,07:00,14:35,googs,pink_lady,7347,,,200,1,,,,,,,,,,,,,,,
2024-12-18,R514,,,15:26,17:38,acn_orchards,granny_smith,7349,,,66,0,,,,,,,,,,,,,,,
2024-12-20,R515,,,08:30,15:22,bundara,granny_smith,7352,,,150,0,,,,,,,,,,,,,,,"All graded fruit goes to SPC, marked Peeler as Class 2"
2025-01-02,S001,,,10:26,12:30,bundara,granny_smith,7359,,,78,0,,,,,,,,,,,,,,,B-22; finished earlier 
2025-01-03,S002,,,07:00,09:30,bundara,granny_smith,7359,,,51,0,,,,,,,,,,,,,,,
2025-01-03,S003,,,09:30,11:37,bundara,granny_smith,7361,,,42,0,,,,,,,,,,,,,,,B-12
2025-01-03,S004,,,11:37,16:00,bundara,granny_smith,7362,,,81,0,,,,,,,,,,,,,,,B-26
2025-01-06,S005,,,07:00,08:45,acn_orchards_orchards,pink_lady,7363,,,82,0,,,,,,,,,,,,,,,"Transfer wood bin to plastic, no quality"
2025-01-06,S006,,,09:38,17:05,bundara,pink_lady,7364,,,182,2,,,,,,,,,,,,,,,
2025-01-07,S007,,,07:00,07:45,redland,pink_lady,7366,,,23,0,,,,,,,,,,,,,,,"Browning approx 10%, stop this batch eventually"
2025-01-07,S008,,,07:45,16:25,bundara,pink_lady,7368,,,212,0,,,,,,,,,,,,,,,
2025-01-08,S009,,,07:00,10:26,bundara,pink_lady,7368,,,87,0,,,,,,,,,,,,,,,
2025-01-08,S010,,,10:26,11:30,redland,pink_lady,7370,,,30,2,,,,,,,,,,,,,,,
2025-01-08,S011,,,13:00,16:30,bundara,granny_smith,7371,,,82,0,,,,,,,,,,,,,,,B-33
2025-01-09,S012,,,07:00,07:25,bundara,granny_smith,7371,,,12,0,,,,,,,,,,,,,,,
2025-01-09,S013,,,07:25,15:10,bundara,granny_smith,7376,,,172,0,,,,,,,,,,,,,,,B-26; 17 bins of Retip been taken away for Juice
2025-01-13,S014,,,07:18,16:30,plunketts,pink_lady,7382,,,218,0,,,,,,,,,,,,,,,
2025-01-14,S015,,,07:00,07:58,plunketts,pink_lady,7382,,,34,0,,,,,,,,,,,,,,,
2025-01-14,S016,,,07:58,15:50,bundara,pink_lady,7387,,,225,0,,,,,,,,,,,,,,,
2025-01-15,S017,,,07:05,15:50,bundara,granny_smith,7393,,,157,0,,,,,,,,,,,,,,,
2025-01-20,S018,,,07:00,16:20,bundara,pink_lady,7408,,,234,0,,,,,,,,,,,,,,,
2025-01-21,S019,,,07:00,08:57,bundara,pink_lady,7408,,,23,20,,,,,,,,,,,,,,,
2025-01-21,S020,,,09:39,16:20,plunketts,pink_lady,7411,,,144,0,,,,,,,,,,,,,,,
2025-01-22,S021,,,07:00,08:55,plunketts,pink_lady,7411,,,64,0,,,,,,,,,,,,,,,
2025-01-22,S022,,,09:35,15:00,bundara,granny_smith,7415,,,112,4,,,,,,,,,,,,,,,
2025-01-23,S023,,,07:10,10:36,bundara,gala,7417,,,102,0,,,,,,,,,,,,,,,"New Season fruit, premium with relatively low color, around 2/3 in."
2025-01-23,S024,,,10:36,10:58,bhangu,gala,7419,,,12,0,,,,,,,,,,,,,,,
2025-01-23,S025,,,10:58,14:10,pottenger,gala,7420,,,71,0,,,,,,,,,,,,,,,
2025-01-24,S026,,,07:00,07:46,pottenger,gala,7422,,,20,0,,,,,,,,,,,,,,,
2025-01-24,S027,,,07:46,09:26,parris,gala,7424,,,72,0,,,,,,,,,,,,,,,
2025-01-24,S028,,,09:24,12:00,bundara,gala,7425,,,72,0,,,,,,,,,,,,,,,
2025-01-28,S029,,,07:05,07:32,bundara,gala,7430,,,18,0,,,,,,,,,,,,,,,
2025-01-28,S030,,,07:32,09:11,sagar_ardmona,gala,7432,,,51,0,,,,,,,,,,,,,,,
2025-01-28,S031,,,09:11,10:39,sagar_produce,gala,7433,,,36,0,,,,,,,,,,,,,,,
2025-01-28,S032,,,10:39,16:00,googs,gala,7434,,,151,0,,,,,,,,,,,,,,,
2025-01-29,S033,,,07:00,12:55,googs,gala,7434,,,144,4,,,,,,,,,,,,,,,
2025-01-29,S034,,,12:00,15:23,parris,gala,7438,,,145,0,,,,,,,,,,,,,,,
2025-01-30,S035,,,07:00,09:36,bundara,pink_lady,7440,,,60,9,,,,,,,,,,,,,,,
2025-01-30,S036,,,09:36,16:30,plunketts,pink_lady,7442,,,136,3,,,,,,,,,,,,,,,
2025-01-31,S037,,,07:00,12:00,plunketts,pink_lady,7442,,,82,29,,,,,,,,,,,,,,,
2025-02-03,S038,,,07:30,09:55,pottenger,pink_lady,7456,,,60,0,,,,,,,,,,,,,,,
2025-02-03,S039,,,09:55,15:30,plunketts,pink_lady,7457,,,111,0,,,,,,,,,,,,,,,
2025-02-05,S040,,,07:30,09:26,googs,pink_lady,7464,,,63,0,,,,,,,,,,,,,,,
2025-02-05,S041,,,09:26,15:00,bundara,pink_lady,7465,,,128,19,,,,,,,,,,,,,,,
2025-02-06,S042,,,07:20,10:40,parris,gala,7468,,,72,0,,,,,,,,,,,,,,,
2025-02-06,S043,,,10:40,11:43,bhangul,gala,7469,,,35,0,,,,,,,,,,,,,,,
2025-02-06,S044,,,11:43,13:36,pottenger,gala,7471,,,36,0,,,,,,,,,,,,,,,
2025-02-06,S045,,,13:36,16:00,bundara,gala,7472,,,79,0,,,,,,,,,,,,,,,
2025-02-07,S046,,,09:20,14:15,bundara,gala,7472,,,154,0,,,,,,,,,,,,,,,
2025-02-11,S047,,,07:01,07:45,bundara,pink_lady,7479,,,19,0,,,,,,,,,,,,,,,New Dec file back
2025-02-11,S048,,,07:45,11:53,bundara,pink_lady,7481,,,92,14,,,,,,,,,,,,,,,
2025-02-11,S049,,,12:20,16:06,googs,gala,7483,,,92,0,,,,,,,,,,,,,,,
2025-02-12,S050,,,07:00,09:45,googs,gala,7483,,,77,0,,,,,,,,,,,,,,,
2025-02-17,S051,,,07:30,14:15,googs,pink_lady,7495,,,135,7,,,,,,,,,,,,,,,
2025-02-17,S052,,,14:20,16:45,redland,pink_lady,7497,,,96,0,,,,,,,,,,,,,,,
2025-02-18,S053,,,07:05,14:30,googs,gala,7500,,,165,0,,,,,,,,,,,,,,,
2025-02-19,S054,,,12:10,15:00,pottenger,gala,7512,,,48,2,,,,,,,,,,,,,,,
2025-02-21,S055,,,07:20,11:13,googs,pink_lady,7524,,,85,2,,,,,,,,,,,,,,,
2025-02-21,S056,,,11:13,15:30,pottenger,pink_lady,7525,,,78,5,,,,,,,,,,,,,,,open up lane 1
2025-02-24,S057,,,07:00,09:00,ardrossan,gala,7531,,,56,1,,,,,,,,,,,,,,,
2025-02-24,S058,,,09:35,11:30,sagar_ardmona,gala,7533,,,39,5,,,,,,,,,,,,,,,
2025-02-24,S059,,,11:40,16:20,sagar_ardmona,gala,7534,,,109,0,,,,,,,,,,,,,,,
2025-02-25,S060,,,07:20,07:20,sagar_ardmona,gala,7534,,,12,0,,,,,,,,,,,,,,,
2025-02-25,S061,,,07:20,11:35,sagar_produce,gala,7536,,,93,7,,,,,,,,,,,,,,,
2025-02-25,S062,,,13:00,15:00,masalki,pink_lady,7538,,,60,3,,,,,,,,,,,,,,,
2025-02-25,S063,,,15:00,16:15,googs,pink_lady,7540,,,26,0,,,,,,,,,,,,,,,
2025-02-26,S064,,,07:00,09:40,googs,pink_lady,7540,,,81,3,,,,,,,,,,,,,,,
2025-02-26,S065,,,10:30,16:10,bundara,rockit,7544,,,76,0,,,,,,,,,,,,,,,
2025-02-27,S066,,,07:00,15:45,bundara,rockit,7544,,,109,2,,,,,,,,,,,,,,,
2025-02-28,S067,,,06:00,10:10,bundara,kanzi,7551,,,105,3,,,,,,,,,,,,,,,
2025-02-28,S068,,,10:40,12:20,uppal,granny_smith,7552,,,40,0,,,,,,,,,,,,,,,
2025-03-03,S069,,,07:00,09:00,bundara,rockit,7557,,,25,0,,,,,,,,,,,,,,,
2025-03-03,S070,,,09:00,16:41,masalki,pink_lady,7558,,,173,7,,,,,,,,,,,,,,,
2025-03-04,S071,,,07:00,09:40,red_rich,kanzi,7559,,,89,1,,,,,,,,,,,,,,,
2025-03-04,S072,,,10:44,14:05,bundara,gala,7560,,,88,0,,,,,,,,,,,,,,,
2025-03-04,S073,,,14:55,17:07,plunketts,granny_smith,7561,,,73,2,,,,,,,,,,,,,,,
2025-03-05,S074,,,07:00,16:30,bundara,rockit,7557,,,100,6,,,,,,,,,,,,,,,
2025-03-06,S075,,,07:00,08:40,plunketts,granny_smith,7565,,,51,2,,,,,,,,,,,,,,,
2025-03-06,S076,,,07:00,14:30,red_rich,kanzi,7566,,,119,4,,,,,,,,,,,,,,,
2025-03-06,S077,,,15:10,16:25,bundara,kanzi,7568,,,39,0,,,,,,,,,,,,,,,
2025-03-07,S078,,,07:00,15:17,pottenger,pink_lady,7570,,,96,0,,,,,,,,,,,,,,,
2025-03-07,S079,,,15:17,18:50,redland,pink_lady,7273,,,87,0,,,,,,,,,,,,,,,
2025-03-08,S080,,,07:00,12:00,bundara,rockit,7575,,,96,2,,,,,,,,,,,,,,,
2025-03-08,S081,,,13:20,16:15,pottenger,gala,7576,,,77,3,,,,,,,,,,,,,,,
2025-03-11,S082,,,07:00,09:00,ardrossan,gala,7577,,,56,0,,,,,,,,,,,,,,,
2025-03-11,S083,,,09:30,10:57,bundara,gala,7579,,,34,4,,,,,,,,,,,,,,,
2025-03-11,S084,,,10:57,16:15,googs,gala,7580,,,161,0,,,,,,,,,,,,,,,
2025-03-12,S085,,,07:00,08:45,googs,gala,7580,,,71,1,,,,,,,,,,,,,,,
2025-03-12,S086,,,09:25,16:00,bundara,rockit,7582,,,90,5,,,,,,,,,,,,,,,
2025-03-13,S087,,,07:00,14:30,bundara,rockit,7582,,,110,23,,,,,,,,,,,,,,,
2025-03-13,S088,,,15:10,16:30,mj_hall,modi,7591,,,35,0,,,,,,,,,,,,,,,
2025-03-14,S089,,,07:20,15:20,mj_hall,modi,7591,,,223,5,,,,,,,,,,,,,,,
2025-03-14,S090,,,15:53,16:30,bundara,granny_smith,7594,,,25,0,,,,,,,,,,,,,,,B-26
2025-03-15,S091,,,05:50,08:48,bundara,granny_smith,7594,,,115,0,,,,,,,,,,,,,,,
2025-03-15,S092,,,08:48,11:55,bundara,granny_smith,7597,,,94,0,,,,,,,,,,,,,,,B-31
2025-03-18,S094,,,07:00,12:43,bundara,kanzi,7603,,,117,2,,,,,,,,,,,,,,,
2025-03-18,S095,,,13:40,16:15,hazara,granny_smith,7606,,,97,0,,,,,,,,,,,,,,,
2025-03-19,S096,,,07:00,09:40,hazara,granny_smith,7606,,,80,2,,,,,,,,,,,,,,,
2025-03-19,S097,,,13:45,16:12,nicol,kanzi,7610,,,69,0,,,,,,,,,,,,,,,
2025-03-20,S098,,,07:00,09:09,nicol,kanzi,7610,,,71,2,,,,,,,,,,,,,,,
2025-03-20,S099,,,14:30,16:00,ardrossan,gala,7612,,,56,0,,,,,,,,,,,,,,,
2025-03-21,S100,,,07:00,19:20,pottenger,gala,7614,,,10,0,,,,,,,,,,,,,,,
2025-03-21,S101,,,07:20,08:10,sagar_produce,gala,7615,,,25,0,,,,,,,,,,,,,,,
2025-03-21,S102,,,08:10,10:10,sagar_ardmona,gala,7616,,,55,0,,,,,,,,,,,,,,,
2025-03-21,S103,,,10:45,14:25,ardrossan,kanzi,7618,,,75,5,,,,,,,,,,,,,,,
2025-03-24,S104,,,07:00,14:30,bundara,granny_smith,7621,,,177,2,,,,,,,,,,,,,,,
2025-03-27,S105,,,07:00,11:30,nicol,kanzi,7645,,,79,12,,,,,,,,,,,,,,,
2025-03-27,S106,,,12:00,15:15,ardrossan,kanzi,7647,,,74,0,,,,,,,,,,,,,,,
2025-03-27,S107,,,15:20,16:05,ardrossan,kanzi,7649,,,27,0,,,,,,,,,,,,,,,
2025-03-31,S108,,,08:30,10:25,bundara,pink_lady,7653,,,40,0,,,,,,,,,,,,,,,
2025-03-31,S109,,,11:27,17:55,mj_hall,modi,7654,,,176,0,,,,,,,,,,,,,,,
2025-04-01,S110,,,07:00,07:45,mj_hall,modi,7654,,,24,0,,,,,,,,,,,,,,,
2025-04-01,S111,,,08:20,10:35,hazara,granny_smith,7659,,,54,2,,,,,,,,,,,,,,,
2025-04-01,S112,,,10:35,14:15,kaarimba,granny_smith,7660,,,133,1,,,,,,,,,,,,,,,
2025-04-02,S113,,,07:00,09:20,sibio,granny_smith,7661,,,84,0,,,,,,,,,,,,,,,
2025-04-07,S114,,,07:00,09:20,ardrossan,gala,7675,,,55,1,,,,,,,,,,,,,,,
2025-04-07,S115,,,09:45,16:15,ardrossan,modi,7677,,,252,1,,,,,,,,,,,,,,,
2025-04-08,S116,,,07:00,08:40,ardrossan,modi,7677,,,57,0,,,,,,,,,,,,,,,
2025-04-08,S117,,,09:12,12:15,plunketts,pink_lady,7681,,,55,0,,,,,,,,,,,,,,,New Season
2025-04-08,S118,,,12:15,14:30,bundara,pink_lady,7682,,,70,0,,,,,,,,,,,,,,,
2025-04-08,S119,,,15:30,16:15,ardrossan,kanzi,7684,,,23,0,,,,,,,,,,,,,,,
2025-04-09,S120,,,07:00,09:50,ardrossan,kanzi,7684,,,88,1,,,,,,,,,,,,,,,
2025-04-09,S121,,,10:25,10:45,nicol,kanzi,7685,,,9,0,,,,,,,,,,,,,,,
2025-04-09,S122,,,10:45,12:30,hannaford,kanzi,7687,,,49,0,,,,,,,,,,,,,,,
2025-04-09,S123,,,13:10,13:15,bundara,pink_lady,7688,,,4,0,,,,,,,,,,,,,,,
2025-04-09,S124,,,13:15,14:37,sagar_ardmona,pink_lady,7689,,,38,0,,,,,,,,,,,,,,,
2025-04-09,S125,,,14:37,16:30,pottenger,pink_lady,7690,,,56,0,,,,,,,,,,,,,,,
2025-04-10,S126,,,07:54,10:40,plunketts,pink_lady,7691,,,90,1,,,,,,,,,,,,,,,
2025-04-10,S127,,,10:40,14:40,bundara,pink_lady,7692,,,131,1,,,,,,,,,,,,,,,
2025-04-10,S128,,,15:15,16:30,red_leaf_fresh,granny_smith,7694,,,40,0,,,,,,,,,,,,,,,
2025-04-11,S129,,,07:00,11:30,red_leaf_fresh,granny_smith,7694,,,149,0,,,,,,,,,,,,,,,
2025-04-11,S130,,,12:00,16:00,ardrossan,kanzi,7697,,,111,1,,,,,,,,,,,,,,,
2025-04-14,S131,,,07:00,12:20,bundara,pink_lady,7700,,,122,0,,,,,,,,,,,,,,,
2025-04-14,S132,,,12:25,17:00,plunketts,pink_lady,7699,,,85,0,,,,,,,,,,,,,,,
2025-04-15,S133,,,07:00,11:10,mj_hall,modi,7703,,,95,6,,,,,,,,,,,,,,,
2025-04-15,S134,,,13:10,17:30,ardrossan,kanzi,7706,,,86,0,,,,,,,,,,,,,,,
2025-04-16,S135,,,07:00,09:45,ardrossan,kanzi,7706,,,72,25,,,,,,,,,,,,,,,
2025-04-16,S136,,,10:52,13:54,plunketts,pink_lady,7710,,,66,0,,,,,,,,,,,,,,,P-13
2025-04-16,S137,,,13:54,16:10,bundara,pink_lady,7711,,,54,9,,,,,,,,,,,,,,,B-14
2025-04-16,S138,,,16:10,16:30,plunketts,pink_lady,7713,,,16,0,,,,,,,,,,,,,,,P-18
2025-04-17,S139,,,07:00,11:45,plunketts,pink_lady,7713,,,52,0,,,,,,,,,,,,,,,
2025-04-17,S140,,,12:20,14:33,ardrossan,kanzi,7716,,,112,0,,,,,,,,,,,,,,,
2025-04-22,S141,,,07:10,14:10,ardrossan,modi,7718,,,186,1,,,,,,,,,,,,,,,1 retip
2025-04-22,S142,,,14:35,16:30,plunketts,pink_lady,7720,,,85,0,,,,,,,,,,,,,,,P-18
2025-04-23,S143,,,07:00,07:39,plunketts,pink_lady,7720,,,30,0,,,,,,,,,,,,,,,
2025-04-23,S144,,,07:39,11:42,bundara,pink_lady,7721,,,136,0,,,,,,,,,,,,,,,B-19
2025-04-23,S145,,,11:42,17:25,plunketts,pink_lady,7724,,,205,0,,,,,,,,,,,,,,,P-7
2025-04-24,S146,,,07:00,08:10,bundara,pink_lady,7725,,,48,0,,,,,,,,,,,,,,,B-21
2025-04-24,S147,,,08:45,15:00,bhatti,granny_smith,7726,,,182,0,,,,,,,,,,,,,,,
2025-04-24,S148,,,15:32,16:06,ardrossan,kanzi,7727,,,14,0,,,,,,,,,,,,,,,Woolburn
2025-04-24,S149,,,16:06,16:30,ardrossan,kanzi,7728,,,5,0,,,,,,,,,,,,,,,GoCup
2025-04-25,S150,,,07:00,09:33,ardrossan,kanzi,7728,,,88,0,,,,,,,,,,,,,,,
2025-04-25,S151,,,09:33,14:30,ardrossan,kanzi,7729,,,122,0,,,,,,,,,,,,,,,
2025-04-28,S152,,,07:10,11:20,pottenger,pink_lady,7732,,,112,0,,,,,,,,,,,,,,,
2025-04-28,S153,,,11:20,11:40,crosbie,pink_lady,7738,,,7,0,,,,,,,,,,,,,,,
2025-04-28,S154,,,11:40,13:48,bhangu,pink_lady,7739,,,58,0,,,,,,,,,,,,,,,
2025-04-28,S155,,,13:48,15:39,plunketts,pink_lady,7737,,,67,0,,,,,,,,,,,,,,,P-16
2025-04-28,S156,,,13:48,16:15,plunketts,pink_lady,7741,,,22,0,,,,,,,,,,,,,,,P-07
2025-04-29,S157,,,07:00,09:00,plunketts,pink_lady,7741,,,57,0,,,,,,,,,,,,,,,
2025-04-29,S158,,,09:40,10:40,ardrossan,gala,7743,,,24,0,,,,,,,,,,,,,,,
2025-04-29,S159,,,10:40,11:48,ardrossan,gala,7747,,,32,0,,,,,,,,,,,,,,,
2025-04-29,S160,,,12:03,16:11,yuvi_bhinder_farm,granny_smith,7744,,,124,0,,,,,,,,,,,,,,,
2025-04-30,S161,,,07:00,09:15,yuvi_bhinder_farm,granny_smith,7744,,,91,0,,,,,,,,,,,,,,,
2025-05-02,S162,,,07:00,08:18,ardrossan,kanzi,7753,,,14,0,,,,,,,,,,,,,,,
2025-05-02,S163,,,08:18,09:00,ardrossan,kanzi,7756,,,35,8,,,,,,,,,,,,,,,
2025-05-02,S164,,,09:35,11:22,pottenger,pink_lady,7754,,,29,0,,,,,,,,,,,,,,,
2025-05-02,S165,,,11:22,14:50,plunketts,pink_lady,7757,,,106,0,,,,,,,,,,,,,,,
2025-05-05,S166,,,07:00,08:50,pottenger,pink_lady,7761,,,50,0,,,,,,,,,,,,,,,
2025-05-06,S167,,,07:00,11:35,plunketts,pink_lady,7763,,,69,0,,,,,,,,,,,,,,,P-16
2025-05-06,S168,,,11:35,15:25,plunketts,pink_lady,7770,,,122,0,,,,,,,,,,,,,,,P-18
2025-05-06,S169,,,16:15,16:40,hannaford,kanzi,7772,,,0,14,,,,,,,,,,,,,,,
2025-05-07,S170,,,07:00,08:50,hannaford,kanzi,7772,,,60,2,,,,,,,,,,,,,,,
2025-05-07,S171,,,09:04,11:30,bundara,granny_smith,7777,,,51,0,,,,,,,,,,,,,,,
2025-05-09,S172,,,07:00,08:45,bundara,granny_smith,7777,,,33,8,,,,,,,,,,,,,,,
2025-05-09,S173,,,09:12,11:40,ardrossan,pink_lady,7784,,,55,2,,,,,,,,,,,,,,,
2025-05-09,S174,,,11:50,14:58,bundara,pink_lady,7779,,,113,2,,,,,,,,,,,,,,,
2025-05-09,S175,,,15:03,18:10,kaarimba,pink_lady,7787,,,22,0,,,,,,,,,,,,,,,
2025-05-12,S176,,,07:30,07:35,crosbie,pink_lady,7791,,,6,0,,,,,,,,,,,,,,,
2025-05-12,S177,,,07:35,09:57,bhangu,pink_lady,7792,,,42,0,,,,,,,,,,,,,,,
2025-05-12,S178,,,09:57,13:52,kaarimba,pink_lady,7793,,,155,3,,,,,,,,,,,,,,,
2025-05-12,S179,,,14:02,16:06,plunketts,pink_lady,7795,,,76,0,,,,,,,,,,,,,,,
2025-05-13,S180,,,07:00,08:00,plunketts,pink_lady,7795,,,20,0,,,,,,,,,,,,,,,P-8
2025-05-13,S181,,,08:00,09:38,plunketts,pink_lady,7797,,,69,0,,,,,,,,,,,,,,,
2025-05-14,S182,,,07:00,09:53,plunketts,pink_lady,7797,,,96,0,,,,,,,,,,,,,,,P-18
2025-05-14,S183,,,10:20,14:44,sciacca,pink_lady,7801,,,110,0,,,,,,,,,,,,,,,
2025-05-14,S184,,,14:44,16:36,sciacca,pink_lady,7802,,,48,0,,,,,,,,,,,,,,,
2025-05-15,S185,,,07:01,09:10,sciacca,pink_lady,7802,,,56,0,,,,,,,,,,,,,,,
2025-05-15,S186,,,09:40,14:12,kaarimba,bravo,7805,,,60,15,,,,,,,,,,,,,,,
2025-05-15,S187,,,14:12,16:00,hazara,bravo,7806,,,60,1,,,,,,,,,,,,,,,
2025-05-16,S188,,,,,scali,golden_delicious,7807,,,5,0,,,,,,,,,,,,,,,
2025-05-16,S189,,,09:50,10:00,bundara,pink_lady,7809,,,6,0,,,,,,,,,,,,,,,B-20
2025-05-16,S190,,,10:00,14:25,bundara,pink_lady,7810,,,76,0,,,,,,,,,,,,,,,B-13
2025-05-16,S191,,,15:00,18:20,ardrossan,kanzi,7812,,,55,13,,,,,,,,,,,,,,,
2025-05-19,S192,,,07:00,08:53,punjab,pink_lady,7813,,,50,0,,,,,,,,,,,,,,,
2025-05-19,S193,,,09:00,16:25,im_sweet,pink_lady,7814,,,177,5,,,,,,,,,,,,,,,
2025-05-20,S194,,,07:00,08:00,im_sweet,pink_lady,7814,,,28,0,,,,,,,,,,,,,,,
2025-05-20,S195,,,08:29,11:52,ardrossan,pink_lady,7820,,,56,0,,,,,,,,,,,,,,,
2025-05-20,S196,,,11:52,16:50,scali,golden_delicious,7822,,,85,0,,,,,,,,,,,,,,,
2025-05-21,S197,,,07:06,07:21,ardrossan,gala,7826,,,9,0,,,,,,,,,,,,,,,ardrossan
2025-05-21,S198,,,07:21,09:35,ardrossan,gala,7827,,,47,0,,,,,,,,,,,,,,,Go-cup
2025-05-21,S199,,,11:10,16:10,bundara,pink_lady,7829,,,117,0,,,,,,,,,,,,,,,
2025-05-22,S200,,,07:15,09:35,ardrossan,kanzi,7831,,,56,0,,,,,,,,,,,,,,,
2025-05-22,S201,,,10:20,11:40,sagar_ardmona,pink_lady,7833,,,31,0,,,,,,,,,,,,,,,
2025-05-22,S202,,,11:40,14:40,akaal,pink_lady,7836,,,56,0,,,,,,,,,,,,,,,
2025-05-22,S203,,,14:45,16:30,bundara,pink_lady,7839,,,27,2,,,,,,,,,,,,,,,B-21
2025-05-23,S204,,,07:00,07:15,bundara,pink_lady,7839,,,7,0,,,,,,,,,,,,,,,
2025-05-23,S205,,,07:15,10:05,bundara,pink_lady,7840,,,65,0,,,,,,,,,,,,,,,B-13
2025-05-23,S206,,,10:32,15:10,hazara,pink_lady,7837,,,120,2,,,,,,,,,,,,,,,
2025-05-26,S207,,,07:00,14:13,ardrossan,granny_smith,7848,,,167,0,,,,,,,,,,,,,,,Woolburn
2025-05-26,S208,,,14:13,16:30,ardrossan,granny_smith,7850,,,52,7,,,,,,,,,,,,,,,Go-cup
2025-05-27,S209,,,07:40,09:45,ardrossan,kanzi,7852,,,63,0,,,,,,,,,,,,,,,
2025-05-27,S210,,,15:00,16:30,ardrossan,kanzi,7852,,,31,0,,,,,,,,,,,,,,,
2025-05-28,S211,,,07:00,08:01,ardrossan,kanzi,7852,,,25,0,,,,,,,,,,,,,,,
2025-05-28,S212,,,08:55,15:30,yuvi_bhinder_farm,granny_smith,7855,,,130,4,,,,,,,,,,,,,,,
2025-05-29,S213,,,07:10,10:10,sciacca,granny_smith,7860,,,68,2,,,,,,,,,,,,,,,
2025-05-29,S214,,,11:30,12:00,ardrossan,pink_lady,7864,,,20,0,,,,,,,,,,,,,,,Go-cup
2025-05-29,S215,,,12:00,14:05,ardrossan,pink_lady,7865,,,36,0,,,,,,,,,,,,,,,ardrossan
2025-05-29,S216,,,14:08,16:00,ardrossan,pink_lady,7868,,,56,0,,,,,,,,,,,,,,,Woodburn
2025-05-30,S217,,,07:03,09:10,sciacca,pink_lady,7872,,,48,0,,,,,,,,,,,,,,,
2025-05-30,S218,,,10:30,12:10,paganfield,sundowner,7873,,,29,0,,,,,,,,,,,,,,,
2025-05-30,S219,,,13:30,15:30,ardrossan,kanzi,7874,,,56,6,,,,,,,,,,,,,,,
2025-06-02,S220,,,07:30,15:00,plunketts,pink_lady,7880,,,169,4,,,,,,,,,,,,,,,1 bin broken
2025-06-02,S221,,,15:00,16:30,bundara,pink_lady,7882,,,44,0,,,,,,,,,,,,,,,
2025-06-03,S222,,,07:00,09:00,bundara,pink_lady,7882,,,46,7,,,,,,,,,,,,,,,
2025-06-03,S223,,,09:00,15:10,hazara,pink_lady,7884,,,175,0,,,,,,,,,,,,,,,
2025-06-04,S224,,,07:10,11:54,bhatti,granny_smith,7887,,,120,12,,,,,,,,,,,,,,,
2025-06-04,S225,,,13:00,15:10,adm_farm,pink_lady,7890,,,53,0,,,,,,,,,,,,,,,
2025-06-10,S226,,,07:00,09:00,mcnab,granny_smith,7891,,,58,2,,,,,,,,,,,,,,,
2025-06-10,S227,,,09:00,12:10,sagar_ardmona,granny_smith,7892,,,65,0,,,,,,,,,,,,,,,
2025-06-10,S228,,,13:10,16:30,sciacca,pink_lady,7895,,,93,0,,,,,,,,,,,,,,,
2025-06-11,S229,,,07:00,09:15,sciacca,pink_lady,7895,,,64,2,,,,,,,,,,,,,,,
2025-06-11,S230,,,10:12,13:20,sibio,bravo,7897,,,80,2,,,,,,,,,,,,,,,
2025-06-11,S231,,,13:41,15:07,ardrossan,kanzi,7898,,,41,0,,,,,,,,,,,,,,,ardrossan
2025-06-11,S232,,,15:07,16:16,ardrossan,kanzi,7901,,,29,0,,,,,,,,,,,,,,,Go-cup
2025-06-12,S233,,,07:00,08:30,ardrossan,kanzi,7901,,,37,5,,,,,,,,,,,,,,,
2025-06-12,S234,,,08:57,15:33,sagar_ardmona,pink_lady,7902,,,136,6,,,,,,,,,,,,,,,
2025-06-12,S235,,,15:33,16:23,plunketts,pink_lady,7903,,,16,0,,,,,,,,,,,,,,,
2025-06-13,S236,,,07:00,12:38,plunketts,pink_lady,7903,,,141,2,,,,,,,,,,,,,,,
2025-06-13,S237,,,13:17,13:57,plunketts,pink_lady,7904,,,22,0,,,,,,,,,,,,,,,
2025-06-13,S238,,,13:57,15:30,yuvi_bhinder_farm,pink_lady,7905,,,40,0,,,,,,,,,,,,,,,
2025-06-16,S239,,,07:00,09:20,ardrossan,gala,7907,,,57,1,,,,,,,,,,,,,,,
2025-06-16,S240,,,10:30,15:50,pine,granny_smith,7908,,,130,0,,,,,,,,,,,,,,,
2025-06-17,S241,,,07:00,11:40,sagar_ardmona,granny_smith,7910,,,122,0,,,,,,,,,,,,,,,
2025-06-17,S242,,,13:06,16:10,bundara,pink_lady,7911,,,90,0,,,,,,,,,,,,,,,
2025-06-18,S243,,,07:00,11:10,bundara,pink_lady,7911,,,99,0,,,,,,,,,,,,,,,
2025-06-18,S244,,,11:10,16:00,bundara,pink_lady,7912,,,100,2,,,,,,,,,,,,,,,
2025-06-19,S245,,,07:10,12:30,conti,pink_lady,7913,,,163,0,,,,,,,,,,,,,,,
2025-06-19,S246,,,13:15,16:14,yuvi_bhinder_farm,pink_lady,7914,,,73,0,,,,,,,,,,,,,,,
2025-06-20,S247,,,07:00,09:40,yuvi_bhinder_farm,pink_lady,7914,,,10,2,,,,,,,,,,,,,,,
2025-06-20,S248,,,10:28,16:10,ardrossan,kanzi,7915,,,112,4,,,,,,,,,,,,,,,
2025-06-23,S249,,,07:00,09:20,sibio,bravo,7916,,,72,0,,,,,,,,,,,,,,,
2025-06-23,S250,,,10:45,12:05,ardrossan,gala,7918,,,38,1,,,,,,,,,,,,,,,
2025-06-23,S251,,,12:15,13:20,ardrossan,gala,7920,,,12,0,,,,,,,,,,,,,,,
2025-06-23,S252,,,13:58,16:20,sciacca,pink_lady,7921,,,56,0,,,,,,,,,,,,,,,
2025-06-24,S253,,,07:10,09:35,sciacca,pink_lady,7921,,,46,3,,,,,,,,,,,,,,,
2025-06-24,S254,,,10:45,16:30,sciacca,granny_smith,7923,,,107,0,,,,,,,,,,,,,,,
2025-06-25,S255,,,07:00,09:00,sciacca,granny_smith,7923,,,43,9,,,,,,,,,,,,,,,
2025-06-25,S256,,,10:50,12:00,red_leaf_fresh,pink_lady,7928,,,35,5,,,,,,,,,,,,,,,
2025-06-25,S257,,,12:00,13:55,plunketts,pink_lady,7929,,,28,0,,,,,,,,,,,,,,,
2025-06-25,S258,,,13:55,14:40,duffy,pink_lady,7931,,,13,0,,,,,,,,,,,,,,,
2025-06-25,S259,,,14:40,15:42,googs,pink_lady,7930,,,24,0,,,,,,,,,,,,,,,
2025-06-25,S260,,,15:42,16:26,bundara,pink_lady,7933,,,15,0,,,,,,,,,,,,,,,
2025-06-26,S261,,,06:55,08:10,kaarimba,pink_lady,7932,,,38,0,,,,,,,,,,,,,,,
2025-06-26,S262,,,08:10,11:34,sagar_ardmona,pink_lady,7934,,,55,0,,,,,,,,,,,,,,,
2025-06-26,S263,,,11:34,14:30,bundara,pink_lady,7935,,,43,2,,,,,,,,,,,,,,,
2025-06-26,S264,,,14:30,15:23,crosbie,pink_lady,7937,,,19,0,,,,,,,,,,,,,,,
2025-06-26,S265,,,15:23,16:10,plunketts,pink_lady,7938,,,18,0,,,,,,,,,,,,,,,
2025-06-27,S266,,,07:00,07:16,plunketts,pink_lady,7938,,,8,0,,,,,,,,,,,,,,,
2025-06-27,S267,,,07:16,11:18,googs,pink_lady,7940,,,78,3,,,,,,,,,,,,,,,
2025-06-27,S268,,,13:05,16:10,scali,golden_delicious,7941,,,60,1,,,,,,,,,,,,,,,
2025-06-30,S269,,,07:47,11:20,googs,pink_lady,7944,,,68,4,,,,,,,,,,,,,,,
2025-06-30,S270,,,11:20,16:28,bundara,pink_lady,7946,,,92,0,,,,,,,,,,,,,,,
2025-07-01,S271,,,07:01,11:33,bundara,pink_lady,7946,,,87,5,,,,,,,,,,,,,,,
2025-07-01,S272,,,11:33,16:20,plunketts,pink_lady,7948,,,78,1,,,,,,,,,,,,,,,
2025-07-02,S273,,,07:00,09:40,ardrossan,kanzi,7950,,,56,3,,,,,,,,,,,,,,,Go-cup
2025-07-02,S274,,,09:40,12:45,ardrossan,kanzi,7952,,,56,7,,,,,,,,,,,,,,,ardrossan
2025-07-02,S275,,,13:34,14:32,adm_farm,pink_lady,7954,,,16,0,,,,,,,,,,,,,,,
2025-07-02,S276,,,14:32,16:15,plunketts,pink_lady,7955,,,38,0,,,,,,,,,,,,,,,
2025-07-03,S277,,,07:05,13:21,sagar_ardmona,pink_lady,7956,,,111,3,,,,,,,,,,,,,,,
2025-07-03,S278,,,13:30,16:11,bundara,pink_lady,7959,,,56,1,,,,,,,,,,,,,,,
2025-07-04,S279,,,07:40,10:00,ardrossan,pink_lady,7960,,,56,0,,,,,,,,,,,,,,,
2025-07-04,S280,,,10:20,12:00,ardrossan,pink_lady,7961,,,39,0,,,,,,,,,,,,,,,
2025-07-04,S281,,,12:00,13:22,ardrossan,pink_lady,7963,,,17,0,,,,,,,,,,,,,,,
2025-07-04,S282,,,14:20,16:15,superfresh,pink_lady,7958,,,38,0,,,,,,,,,,,,,,,
2025-07-05,S283,,,07:00,09:06,superfresh,pink_lady,7958,,,34,0,,,,,,,,,,,,,,,
2025-07-05,S284,,,09:06,15:40,hayer_investment,kanzi,7966,,,120,1,,,,,,,,,,,,,,,
2025-07-07,S285,,,07:00,16:00,bundara,pink_lady,7968,,,182,0,,,,,,,,,,,,,,,
2025-07-08,S286,,,07:19,20:00,bundara,granny_smith,7971,,,18,0,,,,,,,,,,,,,,,
2025-07-08,S287,,,08:31,15:17,bundara,pink_lady,7972,,,116,8,,,,,,,,,,,,,,,B-5
2025-07-08,S288,,,15:17,15:55,bundara,pink_lady,7975,,,9,0,,,,,,,,,,,,,,,B-23
2025-07-16,S289,,,08:00,10:45,red_leaf_fresh,pink_lady,7977,,,60,2,,,,,,,,,,,,,,,
2025-07-16,S290,,,14:48,16:40,bundara,pink_lady,7979,,,4,3,,,,,,,,,,,,,,,B-23
2025-07-17,S291,,,07:00,09:16,bundara,pink_lady,7979,,,82,0,,,,,,,,,,,,,,,
2025-07-17,S292,,,09:16,13:45,bundara,pink_lady,7980,,,99,0,,,,,,,,,,,,,,,B-07
2025-07-17,S293,,,13:45,15:51,plunketts,pink_lady,7981,,,64,0,,,,,,,,,,,,,,,1 retip; P-24 & P-21
2025-07-21,S294,,,07:50,14:35,pine,granny_smith,7986,,,188,3,,,,,,,,,,,,,,,
2025-07-22,S295,,,07:35,09:50,kaarimba,bravo,7987,,,86,3,,,,,,,,,,,,,,,
2025-07-22,S296,,,11:00,13:30,hazara,bravo,7988,,,60,1,,,,,,,,,,,,,,,
2025-07-22,S297,,,14:20,15:00,ardrossan,kanzi,7989,,,18,12,,,,,,,,,,,,,,,
2025-07-23,S298,,,07:00,15:30,ardrossan,kanzi,7989,,,187,0,,,,,,,,,,,,,,,
2025-07-24,S299,,,09:00,11:20,ardrossan,gala,7991,,,56,1,,,,,,,,,,,,,,,
2025-07-24,S300,,,13:35,14:19,ardrossan,pink_lady,7992,,,23,0,,,,,,,,,,,,,,,ardrossan
2025-07-24,S301,,,14:19,15:30,ardrossan,pink_lady,7993,,,33,1,,,,,,,,,,,,,,,Go-cup
2025-07-28,S302,,,09:00,11:30,ardrossan,kanzi,7996,,,56,0,,,,,,,,,,,,,,,
2025-07-28,S303,,,12:45,15:00,ardrossan,kanzi,7996,,,56,5,,,,,,,,,,,,,,,
2025-07-29,S304,,,07:00,11:30,parris,pink_lady,7997,,,115,5,,,,,,,,,,,,,,,
2025-07-29,S305,,,12:00,15:15,scali,golden_delicious,7998,,,50,4,,,,,,,,,,,,,,,
2025-08-01,S306,,,07:00,12:14,sciacca,pink_lady,8005,,,148,2,,,,,,,,,,,,,,,
2025-08-04,S307,,,07:00,08:40,apple_thief,bravo,8007,,,37,1,,,,,,,,,,,,,,,
2025-08-04,S308,,,09:14,14:12,bundara,granny_smith,8008,,,144,1,,,,,,,,,,,,,,,
2025-08-06,S309,,,07:00,10:10,parris,bravo,8010,,,100,0,,,,,,,,,,,,,,,Mark as sundowner
2025-08-06,S310,,,11:00,15:22,kaarimba,bravo,8011,,,120,0,,,,,,,,,,,,,,,
2025-08-07,S311,,,07:00,08:04,kaarimba,bravo,8011,,,34,1,,,,,,,,,,,,,,,
2025-08-07,S312,,,08:45,10:42,kaarimba,granny_smith,8013,,,50,1,,,,,,,,,,,,,,,
2025-08-07,S313,,,11:18,15:18,ardrossan,pink_lady,8012,,,112,1,,,,,,,,,,,,,,,
2025-08-08,S314,,,07:15,09:55,ardrossan,kanzi,8014,,,80,8,,,,,,,,,,,,,,,
2025-08-08,S315,,,10:55,12:20,parris,bravo,8015,,,52,1,,,,,,,,,,,,,,,Mark as sundowner
2025-08-11,S316,,,07:05,13:44,bundara,pink_lady,8017,,,186,2,,,,,,,,,,,,,,,
2025-08-11,S317,,,13:44,15:23,plunketts,pink_lady,8016,,,67,1,,,,,,,,,,,,,,,
2025-08-12,S318,,,07:00,10:47,sciacca,granny_smith,8018,,,120,1,,,,,,,,,,,,,,,
2025-08-12,S319,,,11:21,15:28,sciacca,pink_lady,8019,,,159,1,,,,,,,,,,,,,,,
2025-08-14,S320,,,09:10,11:25,ardrossan,gala,8023,,,56,1,,,,,,,,,,,,,,,
2025-08-14,S321,,,13:10,15:00,ardrossan,kanzi,8024,,,63,0,,,,,,,,,,,,,,,
2025-08-15,S322,,,07:08,11:40,parris,bravo,8025,,,150,1,,,,,,,,,,,,,,,Mark as sundowner
2025-08-15,S323,,,13:05,14:35,kaarimba,granny_smith,8026,,,50,2,,,,,,,,,,,,,,,
2025-08-18,S324,,,07:06,07:50,paganfield,pink_lady,8027,,,28,0,,,,,,,,,,,,,,,
2025-08-18,S325,,,07:50,13:52,plunketts,pink_lady,8028,,,163,0,,,,,,,,,,,,,,,
2025-08-18,S326,,,13:52,14:35,bundara,pink_lady,8029,,,23,2,,,,,,,,,,,,,,,
2025-08-18,S327,,,14:35,15:24,crosbie,pink_lady,8030,,,32,0,,,,,,,,,,,,,,,
2025-08-19,S328,,,07:05,08:37,ardrossan,pink_lady,8031,,,55,1,,,,,,,,,,,,,,,
2025-08-19,S329,,,12:05,16:00,hazara,bravo,8033,,,93,0,,,,,,,,,,,,,,,
2025-08-20,S330,,,07:08,08:45,hazara,bravo,8033,,,57,0,,,,,,,,,,,,,,,
2025-08-20,S331,,,09:16,11:15,scali,golden_delicious,8035,,,53,1,,,,,,,,,,,,,,,
2025-08-20,S332,,,11:35,13:50,ardrossan,kanzi,8036,,,38,4,,,,,,,,,,,,,,,Woolburn
2025-08-20,S333,,,14:08,16:15,ardrossan,kanzi,8037,,,73,5,,,,,,,,,,,,,,,ardrossan
2025-08-21,S334,,,07:05,11:50,bundara,granny_smith,8038,,,160,1,,,,,,,,,,,,,,,
2025-08-21,S335,,,12:05,12:25,sagar_ardmona,granny_smith,8039,,,6,0,,,,,,,,,,,,,,,
2025-08-25,S336,,,07:06,08:05,ardrossan,pink_lady,8042,,,41,0,,,,,,,,,,,,,,,ardrossan
2025-08-25,S337,,,08:15,11:30,ardrossan,pink_lady,8043,,,56,1,,,,,,,,,,,,,,,Woolburn
2025-08-25,S338,,,13:06,15:05,lenne_orchards,bravo,8045,,,59,1,,,,,,,,,,,,,,,
2025-08-25,S339,,,15:45,16:25,ardrossan,swing,8047,,,14,0,,,,,,,,,,,,,,,
2025-08-26,S340,,,07:09,08:58,ardrossan,kanzi,8049,,,56,2,,,,,,,,,,,,,,,
2025-08-27,S341,,,07:00,13:46,plunketts,pink_lady,8050,,,221,2,,,,,,,,,,,,,,,
2025-08-27,S342,,,14:34,14:40,fankhouser,bravo,8051,,,10,0,,,,,,,,,,,,,,,
2025-08-27,S343,,,14:40,16:20,hazara,bravo,8052,,,72,0,,,,,,,,,,,,,,,
2025-08-28,S344,,,06:59,08:36,hazara,bravo,8052,,,68,2,,,,,,,,,,,,,,,
2025-08-28,S345,,,09:34,11:51,ardrossan,gala,8054,,,56,3,,,,,,,,,,,,,,,
2025-08-28,S346,,,13:11,14:20,ardrossan,kanzi,8056,,,43,0,,,,,,,,,,,,,,,
2025-08-28,S347,,,14:37,16:44,ardrossan,kanzi,8057,,,69,3,,,,,,,,,,,,,,,
2025-09-01,S348,,,07:08,14:10,googs,pink_lady,8060,,,224,0,,,,,,,,,,,,,,,
2025-09-01,S349,,,14:10,14:18,bundara,pink_lady,8062,,,6,0,,,,,,,,,,,,,,,
2025-09-01,S350,,,14:18,14:32,crosbie,pink_lady,8063,,,9,0,,,,,,,,,,,,,,,
2025-09-01,S351,,,14:32,15:07,plunketts,pink_lady,8061,,,18,1,,,,,,,,,,,,,,,
2025-09-01,S352,,,16:01,16:10,sciacca,granny_smith,8064,,,5,0,,,,,,,,,,,,,,,
2025-09-02,S353,,,07:00,10:42,sciacca,granny_smith,8064,,,128,1,,,,,,,,,,,,,,,
2025-09-02,S354,,,11:44,15:38,ardrossan,kanzi,8066,,,112,4,,,,,,,,,,,,,,,
2025-09-09,S355,,,07:00,08:26,ardrossan,kanzi,8073,,,55,0,,,,,,,,,,,,,,,
2025-09-09,S356,,,09:10,15:07,bundara,granny_smith,8074,,,160,1,,,,,,,,,,,,,,,
2025-09-10,S357,,,10:43,11:19,ardrossan,pink_lady,8076,,,23,0,,,,,,,,,,,,,,,Ardossan
2025-09-10,S358,,,11:19,12:15,ardrossan,pink_lady,8079,,,35,1,,,,,,,,,,,,,,,Woolburn
2025-09-10,S359,,,15:00,16:40,ardrossan,pink_lady,8079,,,54,0,,,,,,,,,,,,,,,Woolburn
2025-09-11,S360,,,07:01,13:43,bundara,pink_lady,8082,,,200,2,,,,,,,,,,,,,,,
2025-09-15,S361,,,07:05,07:43,ardrossan,gala,8085,,,20,0,,,,,,,,,,,,,,,Woolburn
2025-09-15,S362,,,07:43,08:55,ardrossan,gala,8086,,,36,0,,,,,,,,,,,,,,,Ardossan
2025-09-15,S363,,,09:31,16:00,im_sweet,pink_lady,8089,,,182,0,,,,,,,,,,,,,,,
2025-09-16,S364,,,07:00,08:50,im_sweet,pink_lady,8089,,,70,1,,,,,,,,,,,,,,,
2025-09-16,S365,,,09:41,11:57,ardrossan,kanzi,8092,,,64,0,,,,,,,,,,,,,,,
2025-09-16,S366,,,13:27,15:01,ardrossan,kanzi,8092,,,48,1,,,,,,,,,,,,,,,
2025-09-17,S367,,,07:06,11:38,bundara,granny_smith,8094,,,151,1,,,,,,,,,,,,,,,
2025-09-17,S368,,,13:35,15:03,ardrossan,pink_lady,8096,,,56,1,,,,,,,,,,,,,,,
2025-09-17,S369,,,15:03,15:58,ardrossan,pink_lady,8098,,,29,0,,,,,,,,,,,,,,,Woodburn
2025-09-18,S370,,,07:00,07:41,ardrossan,pink_lady,8098,,,29,0,,,,,,,,,,,,,,,
2025-09-18,S371,,,08:20,14:33,sciacca,pink_lady,8097,,,180,2,,,,,,,,,,,,,,,
2025-09-18,S372,,,15:51,16:43,scali,golden_delicious,8099,,,30,0,,,,,,,,,,,,,,,
2025-09-22,S373,,,07:00,08:34,ardrossan,kanzi,8101,,,56,0,,,,,,,,,,,,,,,Go-cup
2025-09-22,S374,,,08:34,10:08,ardrossan,kanzi,8103,,,56,1,,,,,,,,,,,,,,,
2025-09-22,S375,,,10:53,13:33,apple_thief,kanzi,8104,,,53,1,,,,,,,,,,,,,,,
2025-09-22,S376,,,14:15,16:05,googs,pink_lady,8106,,,60,0,,,,,,,,,,,,,,,
2025-09-23,S377,,,07:00,11:19,googs,pink_lady,8106,,,140,2,,,,,,,,,,,,,,,
2025-09-23,S378,,,13:05,16:24,bundara,granny_smith,8107,,,110,1,,,,,,,,,,,,,,,
2025-09-25,S379,,,13:02,16:19,ardrossan,bravo,8110,,,114,0,,,,,,,,,,,,,,,
2025-09-29,S380,,,07:13,07:47,ardrossan,kanzi,8113,,,12,0,,,,,,,,,,,,,,,GoCup
2025-09-29,S381,,,07:47,08:43,ardrossan,kanzi,8114,,,53,0,,,,,,,,,,,,,,,Woodburn
2025-09-29,S382,,,08:43,10:58,ardrossan,kanzi,8115,,,39,2,,,,,,,,,,,,,,,ardrossan
2025-09-29,S383,,,11:21,14:12,ardrossan,granny_smith,8116,,,65,1,,,,,,,,,,,,,,,
2025-09-29,S384,,,14:57,16:08,im_sweet,pink_lady,8118,,,33,0,,,,,,,,,,,,,,,
2025-09-30,S385,,,06:58,11:53,im_sweet,pink_lady,8118,,,151,7,,,,,,,,,,,,,,,
2025-09-30,S386,,,13:50,16:03,bundara,granny_smith,8119,,,72,0,,,,,,,,,,,,,,,
2025-10-01,S387,,,07:00,08:30,bundara,granny_smith,8119,,,32,0,,,,,,,,,,,,,,,
2025-10-01,S388,,,09:00,11:00,ardrossan,pink_lady,8120,,,73,0,,,,,,,,,,,,,,,Woodburn
2025-10-01,S389,,,11:00,12:00,ardrossan,pink_lady,8121,,,24,0,,,,,,,,,,,,,,,Go-cup
2025-10-03,S390,,,07:05,12:14,sciacca,pink_lady,8122,,,147,4,,,,,,,,,,,,,,,
2025-10-03,S391,,,13:54,16:00,ardrossan,gala,8123,,,67,0,,,,,,,,,,,,,,,
2025-10-06,S392,,,07:01,12:03,ardrossan,kanzi,8124,,,140,7,,,,,,,,,,,,,,,
2025-10-06,S393,,,13:49,16:07,bundara,pink_lady,8125,,,72,0,,,,,,,,,,,,,,,
2025-10-07,S394,,,07:04,09:34,bundara,pink_lady,8125,,,84,0,,,,,,,,,,,,,,,
2025-10-07,S395,,,13:07,16:04,googs,pink_lady,8126,,,167,7,,,,,,,,,,,,,,,
2025-10-08,S396,,,07:01,08:32,scali,golden_delicious,8131,,,38,4,,,,,,,,,,,,,,,
2025-10-08,S397,,,09:08,09:55,scali,granny_smith,8132,,,22,0,,,,,,,,,,,,,,,
2025-10-08,S398,,,10:40,13:56,bundara,granny_smith,8133,,,102,0,,,,,,,,,,,,,,,
2025-10-08,S399,,,15:19,17:33,mixed,pink_lady,8133,,,62,0,,,,,,,,,,,,,,,Peelers retip back to own batch; bundara/googs/ardrossan/sciacca/IMSweet
2025-10-09,S400,,,07:00,09:08,ardrossan,bravo,8134,,,76,0,,,,,,,,,,,,,,,
2025-10-13,S401,,,07:12,11:15,bundara,granny_smith,8135,,,120,1,,,,,,,,,,,,,,,
2025-10-13,S402,,,12:10,13:37,bundara,pink_lady,8137,,,19,0,,,,,,,,,,,,,,,
2025-10-13,S403,,,13:37,16:26,allendale,pink_lady,8138,,,73,0,,,,,,,,,,,,,,,
2025-10-14,S404,,,07:45,09:25,allendale,pink_lady,8138,,,54,2,,,,,,,,,,,,,,,
2025-10-14,S405,,,09:25,13:55,googs,pink_lady,8139,,,103,1,,,,,,,,,,,,,,,
2025-10-14,S406,,,14:12,15:55,sciacca,pink_lady,8143,,,68,0,,,,,,,,,,,,,,,
2025-10-15,S407,,,06:58,08:37,sciacca,pink_lady,8143,,,62,2,,,,,,,,,,,,,,,
2025-10-15,S408,,,09:20,11:26,ardrossan,bravo,8141,,,64,0,,,,,,,,,,,,,,,GoCup
2025-10-15,S409,,,11:59,14:25,ardrossan,bravo,8145,,,51,0,,,,,,,,,,,,,,,Ardossan
2025-10-20,S410,,,07:14,10:45,bundara,granny_smith,8148,,,120,1,,,,,,,,,,,,,,,
2025-10-20,S411,,,11:36,14:48,googs,pink_lady,8149,,,100,0,,,,,,,,,,,,,,,
2025-10-20,S412,,,14:48,16:01,bundara,pink_lady,8150,,,40,0,,,,,,,,,,,,,,,
2025-10-21,S413,,,06:57,09:00,bundara,pink_lady,8150,,,62,0,,,,,,,,,,,,,,,
2025-10-21,S414,,,09:31,12:17,ardrossan,pink_lady,8151,,,69,0,,,,,,,,,,,,,,,
2025-10-21,S415,,,14:29,16:30,ardrossan,pink_lady,8151,,,43,7,,,,,,,,,,,,,,,
2025-10-23,S416,,,07:01,07:25,ardrossan,ruby_frost,8155,,,2,0,,,,,,,,,,,,,,,
2025-10-23,S417,,,07:40,08:16,ardrossan,sunrise_magic,8156,,,9,0,,,,,,,,,,,,,,,
2025-10-27,S418,,,07:07,09:40,bundara,granny_smith,8161,,,76,0,,,,,,,,,,,,,,,
2025-10-27,S419,,,10:43,14:43,sagar_ardmona,pink_lady,8163,,,98,0,,,,,,,,,,,,,,,
2025-10-27,S420,,,14:43,16:05,sagar_produce,pink_lady,8164,,,45,0,,,,,,,,,,,,,,,
2025-10-27,S421,,,16:05,16:50,pottenger,pink_lady,8165,,,13,0,,,,,,,,,,,,,,,
2025-10-28,S422,,,07:00,09:20,pottenger,pink_lady,8165,,,72,1,,,,,,,,,,,,,,,
2025-10-28,S423,,,09:34,17:20,bundara,pink_lady,8167,,,201,6,,,,,,,,,,,,,,,
2025-10-29,S424,,,06:54,11:05,allendale,granny_smith,8169,,,126,3,,,,,,,,,,,,,,,
2025-11-05,S425,,,07:05,16:00,googs,pink_lady,8175,,,260,0,,,,,,,,,,,,,,,
2025-11-06,S426,,,07:03,11:03,bundara,granny_smith,8179,,,121,0,,,,,,,,,,,,,,,
2025-11-07,S427,,,11:43,14:11,googs,pink_lady,8182,,,62,0,,,,,,,,,,,,,,,
2025-11-10,S428,,,07:00,07:59,apple_thief,pink_lady,8183,,,27,0,,,,,,,,,,,,,,,
2025-11-10,S429,,,07:59,09:35,googs,pink_lady,8185,,,43,0,,,,,,,,,,,,,,,
2025-11-10,S430,,,09:35,16:34,akaal,pink_lady,8186,,,212,0,,,,,,,,,,,,,,,
2025-11-11,S431,,,07:01,10:10,bundara,pink_lady,8187,,,106,0,,,,,,,,,,,,,,,
2025-11-11,S432,,,11:09,16:00,bundara,granny_smith,8190,,,145,0,,,,,,,,,,,,,,,
2025-11-12,S433,,,07:01,07:45,bundara,granny_smith,8190,,,23,0,,,,,,,,,,,,,,,
2025-11-12,S434,,,08:35,13:25,ardrossan,pink_lady,8191,,,108,0,,,,,,,,,,,,,,,
2025-11-12,S435,,,14:15,15:37,apple_thief,gala,8194,,,30,0,,,,,,,,,,,,,,,
2025-11-17,S436,,,07:00,11:04,bundara,pink_lady,8198,,,110,0,,,,,,,,,,,,,,,B-5
2025-11-17,S437,,,11:04,16:00,bundara,pink_lady,8200,,,123,0,,,,,,,,,,,,,,,B-7
2025-11-18,S438,,,07:14,09:50,bundara,pink_lady,8200,,,78,0,,,,,,,,,,,,,,,
2025-11-18,S439,,,10:57,14:15,bundara,granny_smith,8202,,,100,0,,,,,,,,,,,,,,,
2025-11-24,S440,,,07:00,12:21,bundara,pink_lady,8208,,,164,0,,,,,,,,,,,,,,,
2025-11-24,S441,,,12:21,16:00,bundara,pink_lady,8210,,,92,0,,,,,,,,,,,,,,,B-7 / 9
2025-11-25,S442,,,07:00,13:12,bundara,pink_lady,8210,,,112,0,,,,,,,,,,,,,,,
2025-11-25,S443,,,13:12,16:00,bundara,granny_smith,8211,,,102,0,,,,,,,,,,,,,,,
2025-11-26,S444,,,07:00,08:06,ardrossan,pink_lady,8212,,,30,0,,,,,,,,,,,,,,,Woolburn
2025-11-26,S445,,,08:06,10:00,ardrossan,pink_lady,8213,,,51,0,,,,,,,,,,,,,,,
2025-11-28,S446,,,12:40,16:20,bundara,pink_lady,8214,,,101,0,,,,,,,,,,,,,,,
2025-12-01,S447,,,07:00,07:20,apple_thief,pink_lady,8215,,,6,0,,,,,,,,,,,,,,,
2025-12-01,S448,,,07:20,14:10,bundara,pink_lady,8216,,,170,0,,,,,,,,,,,,,,,
2025-12-01,S449,,,14:10,16:09,allendale,pink_lady,8217,,,72,0,,,,,,,,,,,,,,,
2025-12-02,S450,,,07:00,11:27,akaal,pink_lady,8218,,,86,0,,,,,,,,,,,,,,,
2025-12-02,S451,,,12:20,13:52,bundara,granny_smith,8221,,,40,0,,,,,,,,,,,,,,,
2025-12-02,S452,,,13:52,16:10,allendale,granny_smith,8222,,,75,0,,,,,,,,,,,,,,,
2025-12-03,S453,,,07:10,09:40,googs,pink_lady,8223,,,102,0,,,,,,,,,,,,,,,
2025-12-03,S454,,,09:40,16:00,plunketts,pink_lady,8224,,,163,0,,,,,,,,,,,,,,,
2025-12-05,S455,,,07:00,09:30,ardrossan,pink_lady,8225,,,68,0,,,,,,,,,,,,,,,
2025-12-05,S456,,,10:55,14:30,bundara,granny_smith,8227,,,106,0,,,,,,,,,,,,,,,
2025-12-08,S457,,,07:00,14:00,bundara,pink_lady,8228,,,201,0,,,,,,,,,,,,,,,
2025-12-08,S458,,,14:00,15:40,paganfield ,pink_lady,8231,,,64,0,,,,,,,,,,,,,,,
2025-12-10,S459,,,08:00,15:10,pottenger,pink_lady,8235,,,221,0,,,,,,,,,,,,,,,
2025-12-10,S460,,,15:10,16:15,googs,pink_lady,8236,,,29,0,,,,,,,,,,,,,,,
2025-12-11,S461,,,07:00,08:10,googs,pink_lady,8236,,,34,0,,,,,,,,,,,,,,,
2025-12-11,S462,,,09:25,13:55,bundara,granny_smith,8238,,,112,0,,,,,,,,,,,,,,,
2025-12-11,S463,,,13:55,15:30,bundara,granny_smith,8240,,,50,0,,,,,,,,,,,,,,,
2025-12-15,S464,,,07:10,07:25,googs,pink_lady,8247,,,13,0,,,,,,,,,,,,,,,
2025-12-15,S465,,,07:25,13:40,bundara,pink_lady,8249,,,171,0,,,,,,,,,,,,,,,
2025-12-15,S466,,,13:40,16:10,plunketts,pink_lady,8251,,,81,0,,,,,,,,,,,,,,,
2025-12-17,S467,,,07:10,15:00,plunketts,pink_lady,8257,,,260,0,,,,,,,,,,,,,,,
2026-01-05,T001,,,07:10,09:02,bundara,granny_smith,8285,,,70,1,,,,,,,,,,,,,,,
2026-01-05,T002,,,10:45,15:45,plunketts,pink_lady,8286,,,154,1,,,,,,,,,,,,,,,
2026-01-06,T003,,,06:38,09:05,googs,pink_lady,8289,,,83,0,,,,,,,,,,,,,,,
2026-01-06,T004,,,09:05,14:44,bundara,pink_lady,8291,,,117,2,,,,,,,,,,,,,,,
2026-01-12,T005,,,07:00,09:33,bundara,granny_smith,8298,,,80,1,,,,,,,,,,,,,,,
2026-01-12,T006,,,11:56,17:05,bundara,pink_lady,8300,,,137,0,,,,,,,,,,,,,,,
2026-01-13,T007,,,06:57,10:57,bundara,pink_lady,8300,,,116,0,,,,,,,,,,,,,,,
2026-01-13,T008,,,10:57,11:36,sagar_ardmona,pink_lady,8304,,,59,0,,,,,,,,,,,,,,,
2026-01-13,T009,,,11:36,16:12,pottenger,pink_lady,8305,,,68,0,,,,,,,,,,,,,,,
2026-01-14,T010,,,07:00,11:18,pottenger,pink_lady,8305,,,124,1,,,,,,,,,,,,,,,
2026-01-14,T011,,,12:10,13:57,bundara,granny_smith,8307,,,43,0,,,,,,,,,,,,,,,B-33 (Trial)
2026-01-14,T012,,,13:57,15:01,bundara,granny_smith,8308,,,40,1,,,,,,,,,,,,,,,B-27
2026-01-20,T013,,,06:56,15:30,bundara,pink_lady,8317,,,251,1,,,,,,,,,,,,,,,
2026-01-21,T014,,,07:06,08:38,bundara,granny_smith,8320,,,55,0,,,,,,,,,,,,,,,
2026-01-21,T015,,,08:38,09:56,bundara,granny_smith,8321,,,43,1,,,,,,,,,,,,,,,
2026-01-23,T016,,,07:22,08:24,bundara,gala,8330,,,19,3,,,,,,,,,,,,,,,
2026-01-23,T017,,,08:24,09:24,bundara,gala,8331,,,25,2,,,,,,,,,,,,,,,
2026-01-23,T018,,,10:35,16:05,bundara,pink_lady,8332,,,170,1,,,,,,,,,,,,,,,
2026-01-24,T019,,,05:54,06:34,googs,gala,8335,,,22,0,,,,,,,,,,,,,,,B-9
2026-01-24,T020,,,06:34,08:15,googs,gala,8336,,,44,1,,,,,,,,,,,,,,,B-10
2026-01-27,T021,,,06:07,07:02,plunketts,gala,8338,,,30,0,,,,,,,,,,,,,,,
2026-01-27,T022,,,07:02,07:39,bundara,gala,8339,,,22,0,,,,,,,,,,,,,,,
2026-01-27,T023,,,07:39,08:40,googs,gala,8340,,,44,0,,,,,,,,,,,,,,,G-2
2026-01-27,T024,,,08:40,10:43,googs,gala,8341,,,46,1,,,,,,,,,,,,,,,G-3
2026-01-28,T025,,,08:00,10:31,googs,gala,8345,,,71,2,,,,,,,,,,,,,,,
2026-01-29,T026,,,06:03,08:25,googs,gala,8347,,,75,1,,,,,,,,,,,,,,,
2026-01-29,T027,,,10:20,11:26,mixed,mixed,8348,,,36,3,,,,,,,,,,,,,,,"Juice run pinks, GS and galas"
2026-01-31,T028,,,06:00,06:17,googs,gala,8350,,,8,0,,,,,,,,,,,,,,,
2026-01-31,T029,,,06:17,06:52,bundara,gala,8351,,,20,0,,,,,,,,,,,,,,,
2026-01-31,T030,,,07:07,09:04,bundara,gala,8352,,,52,0,,,,,,,,,,,,,,,
2026-02-02,T031,,,07:35,12:33,bundara,pink_lady,8356,,,167,2,,,,,,,,,,,,,,,
2026-02-03,T032,,,07:05,07:27,plunketts,gala,8358,,,11,0,,,,,,,,,,,,,,,
2026-02-03,T033,,,07:27,10:46,bundara,gala,8359,,,83,2,,,,,,,,,,,,,,,
2026-02-04,T034,,,07:00,07:40,bhangu,gala,8361,,,21,0,,,,,,,,,,,,,,,
2026-02-04,T035,,,07:40,08:45,googs,gala,8362,,,40,0,,,,,,,,,,,,,,,1 bins loss broken bottom
2026-02-04,T036,,,08:45,11:45,googs,gala,8363,,,74,0,,,,,,,,,,,,,,,
2026-02-05,T037,,,07:02,07:45,bhangu,gala,8366,,,25,0,,,,,,,,,,,,,,,
2026-02-05,T038,,,07:45,11:04,googs,gala,8367,,,92,1,,,,,,,,,,,,,,,
2026-02-06,T039,,,06:01,10:30,googs,gala,8370,,,134,1,,,,,,,,,,,,,,,
2026-02-06,T040,,,11:01,16:27,sciacca,gala,8372,,,185,0,,,,,,,,,,,,,,,
2026-02-07,T041,,,06:35,11:15,bundara,pink_lady,8375,,,161,0,,,,,,,,,,,,,,,
2026-02-09,T042,,,07:04,08:23,yuvi_bhinder_farm,gala,8378,,,45,0,,,,,,,,,,,,,,,
2026-02-09,T043,,,08:23,09:28,pottenger,gala,8379,,,41,1,,,,,,,,,,,,,,,
2026-02-09,T044,,,10:18,16:25,bundara,gala,8380,,,181,1,,,,,,,,,,,,,,,
2026-02-11,T045,,,07:00,07:33,gs_farms_australia,gala,8386,,,15,0,,,,,,,,,,,,,,,
2026-02-11,T046,,,07:33,07:55,yuvi_bhinder_farm,gala,8387,,,10,0,,,,,,,,,,,,,,,
2026-02-11,T047,,,07:55,08:45,pottenger,gala,8388,,,27,0,,,,,,,,,,,,,,,
2026-02-11,T048,,,08:45,09:45,adm_farm,gala,8389,,,34,0,,,,,,,,,,,,,,,
2026-02-11,T049,,,09:45,11:28,bhangu,gala,8390,,,43,0,,,,,,,,,,,,,,,
2026-02-11,T050,,,11:58,15:39,googs,gala,8391,,,111,3,,,,,,,,,,,,,,,
2026-02-12,T051,,,13:12,16:21,sciacca,gala,8394,,,124,3,,,,,,,,,,,,,,,
2026-02-13,T052,,,07:20,09:00,pottenger,pink_lady,8398,,,55,0,,,,,,,,,,,,,,,
2026-02-13,T053,,,09:00,12:24,bundara,pink_lady,8399,,,105,1,,,,,,,,,,,,,,,
2026-02-14,T054,,,07:13,07:25,bhangu,gala,8400,,,6,0,,,,,,,,,,,,,,,
2026-02-14,T055,,,07:25,09:12,sagar_ardmona,gala,8401,,,54,0,,,,,,,,,,,,,,,
2026-02-14,T056,,,09:12,12:45,pottenger,gala,8403,,,104,1,,,,,,,,,,,,,,,
2026-02-17,T057,,,07:00,07:51,bundara,pink_lady,8407,,,32,0,,,,,,,,,,,,,,,
2026-02-17,T058,,,07:51,12:21,googs,pink_lady,8408,,,146,1,,,,,,,,,,,,,,,
2026-02-18,T059,,,07:30,07:51,googs,gala,8410,,,12,0,,,,,,,,,,,,,,,G-10 x 2; G-9 x10
2026-02-18,T060,,,07:51,09:55,googs,gala,8411,,,75,0,,,,,,,,,,,,,,,G-02
2026-02-18,T061,,,11:14,13:15,gs_farms_australia,gala,8412,,,43,0,,,,,,,,,,,,,,,
2026-02-18,T062,,,13:15,14:35,sagar_produce,gala,8413,,,41,0,,,,,,,,,,,,,,,
2026-02-18,T063,,,14:35,16:49,sagar_ardmona,gala,8415,,,65,0,,,,,,,,,,,,,,,
2026-02-19,T064,,,07:04,08:59,punjab,gala,8416,,,62,2,,,,,,,,,,,,,,,
2026-02-19,T065,,,09:25,14:04,sciacca,gala,8419,,,118,1,,,,,,,,,,,,,,,
2026-02-19,T066,,,14:37,15:28,masalki,pink_lady,8422,,,28,0,,,,,,,,,,,,,,,
2026-02-20,T067,,,07:04,10:00,masalki,pink_lady,8422,,,100,1,,,,,,,,,,,,,,,
2026-02-23,T068,,,07:16,15:06,uppal,gala,8424,,,221,0,,,,,,,,,,,,,,,1 bin broken; 3 bad bins manual tip
2026-02-23,T069,,,15:32,17:19,gs_farms_australia,gala,8425,,,44,0,,,,,,,,,,,,,,,
2026-02-24,T070,,,07:03,07:24,superfresh,gala,8426,,,13,0,,,,,,,,,,,,,,,
2026-02-24,T071,,,07:24,07:59,adm_farm,gala,8427,,,18,0,,,,,,,,,,,,,,,
2026-02-24,T072,,,08:13,08:49,pottenger,gala,8428,,,25,0,,,,,,,,,,,,,,,
2026-02-24,T073,,,09:10,14:20,bundara,gala,8429,,,117,0,,,,,,,,,,,,,,,B-04
2026-02-24,T074,,,14:20,15:14,googs,gala,8433,,,29,0,,,,,,,,,,,,,,,G-03
2026-02-24,T075,,,15:14,16:10,googs,gala,8434,,,29,0,,,,,,,,,,,,,,,G-09
2026-02-25,T076,,,07:12,08:29,googs,gala,8434,,,39,0,,,,,,,,,,,,,,,
2026-02-25,T077,,,08:29,10:00,googs,gala,8436,,,51,0,,,,,,,,,,,,,,,
2026-02-25,T078,,,10:37,11:28,sagar_ardmona,gala,8437,,,27,0,,,,,,,,,,,,,,,
2026-02-25,T079,,,11:28,13:33,sagar_produce,gala,8438,,,43,0,,,,,,,,,,,,,,,
2026-02-25,T080,,,13:33,16:09,googs,gala,8439,,,84,0,,,,,,,,,,,,,,,
2026-02-26,T081,,,07:00,08:30,googs,gala,8439,,,44,0,,,,,,,,,,,,,,,
2026-02-26,T082,,,08:44,12:32,punjab,gala,8440,,,108,0,,,,,,,,,,,,,,,
2026-03-02,T083,,,07:05,12:25,masalki,pink_lady,8443,,,163,1,,,,,,,,,,,,,,,
2026-03-04,T084,,,07:08,11:56,googs,pink_lady,8446,,,161,0,,,,,,,,,,,,,,,
2026-03-04,T085,,,13:17,14:06,gs_farms_australia,gala,8447,,,25,0,,,,,,,,,,,,,,,
2026-03-04,T086,,,14:06,16:06,uppal,gala,8448,,,45,0,,,,,,,,,,,,,,,5 bins broken
2026-03-05,T087,,,06:58,08:44,uppal,gala,8448,,,47,1,,,,,,,,,,,,,,,
2026-03-06,T088,,,08:57,13:53,googs,pink_lady,8452,,,153,0,,,,,,,,,,,,,,,
2026-03-10,T089,,,07:19,10:13,bundara,kanzi,8454,,,81,6,,,,,,,,,,,,,,,
2026-03-10,T090,,,11:11,13:22,parris,gala,8455,,,49,0,,,,,,,,,,,,,,,Stop running due to poor quality and IQS&Color not working on lane 5 and 6
2026-03-11,T091,,,07:06,15:07,googs,gala,8458,,,210,2,,,,,,,,,,150:14.9; 82:14.4: 165:14.3,,,,,Lane 5 and 6 blocked; iFA lane 3 and 4 not working; 2 retip 
2026-03-12,T092,Emma,Soo,07:16,08:04,plunketts,pink_lady,8462,2025-04-22,2025-04-22,23,0,,,,,,,,,,150:18.5; 165:18.2; 82:15.3,66,51,0,no,
2026-03-12,T093,Emma,Soo,08:06,15:19,bundara,pink_lady,8463,2025-04-23,2025-04-23,198,1,,,,,,,,,,82:10.7; 66:8.2; 70:8.1,83,94,0,no,
2026-03-13,T094,Emma,Soo,07:01,14:15,bundara,granny_smith,8466,2026-03-11,2026-03-11,171,3,,,,,,,,,,165:13.2; 150:12.8; 82:10.5,62,74,0,no,
2026-03-13,T095,Emma,Soo,14:19,17:54,plunketts,granny_smith,8467,,,105,1,,,,,,,,,,165:14.6; 195:12.1; 150:10.2,46,60,0,no,
2026-03-16,T096,Emma,Soo,07:30,12:06,bundara,kanzi,8471,2026-03-16,2026-03-16,87,5,,,,,,,,,,82:10.5; 150:10.4; 90:9.8,46,60,0,no,
2026-03-16,T097,Emma,Soo,13:07,15:36,bestview_orchards,gala,8474,2026-03-03,2026-03-03,70,1,,,,,,,,,,82:10.4; 70:8.6; 66:8.7,50,68,0,no,
2026-03-17,T098,Emma,Soo,07:20,14:40,bundara,rockit,8477,2026-03-10,2026-03-10,90,1,,,,,,,,,,63:21.5; 58:20.4; 53:12.5,32,40,0,no,
2026-03-17,T099,Emma,Soo,14:40,16:14,bundara,rockit,8479,2026-03-13,2026-03-13,23,1,,,,,,,,,,58:20.5; 63:17.8; 53:15.8,31,34,0,no,
2026-03-18,T100,Emma,Soo,07:18,14:29,bestview_orchards,gala,8481,2026-03-03,2026-03-03,246,0,,,,,,,,,,82:13.5; 150:10.9; 90:10.4,47,47,57,yes,
2026-03-18,T101,Emma,Soo,14:31,14:39,yuvi_bhinder_farm,gala,8486,2026-02-24,2026-02-24,6,0,,,,,,,,,,,47,50,53,yes,
2026-03-18,T102,Emma,Soo,14:45,15:19,parris,gala,8487,2026-02-25,2026-02-25,23,0,,,,,,,,,,,47,50,53,yes,
2026-03-18,T103,Emma,Soo,15:22,18:08,bestview_orchards,gala,8482,2026-02-28,2026-02-28,54,1,,,,,,,,,,,47,50,53,yes,manual_tip
2026-03-19,T104,Emma,Soo,07:07,11:11,bundara,pink_lady,8489,2025-04-22,2025-04-22,145,1,,,,,,,,,,66:11.8; 70:11:2; 76:10.7,47,50,53,yes,
2026-03-19,T105,Emma,Soo,12:04,17:00,plunketts,granny_smith,8490,2026-03-18,2026-03-18,170,0,,,,,,,,,,60:13.4; 82:9.4; 66:10.5,47,50,53,yes,
2026-03-20,T106,Emma,Soo,07:00,10:00,plunketts,granny_smith,8490,2026-03-18,2026-03-18,112,15,,,,,,,,,,,43,50,50,no,
2026-03-20,T107,Emma,Soo,11:00,17:30,bundara,rockit,8493,2026-03-16,2026-03-16,90,1,,,,,,,,,,58:21.9; 63:11.5; 53:12.1,31,31,31,no,
2026-03-23,T108,Emma,Soo,07:00,08:10,sagar produce,gala,8497,2026-03-03,2026-03-03,37,0,,,,,,,,,,,45,48,45,yes,
2026-03-23,T109,Emma,Soo,08:10,09:40,uppal,gala,8500,2026-03-03,2026-03-03,42,0,,,,,,,,,,,45,48,45,yes,
2026-03-23,T110,Emma,Soo,09:40,15:00,sagar ardmona,gala,8498,2026-02-25,2026-02-25,139,2,,,,,,,,,,165:19.3; 90:11.7; 150:11.5,45,48,45,yes,
2026-03-24,T111,Emma,Soo,08:45,14:00,red_rich,kanzi,8501,2026-03-22,2026-03-22,180,0,,,,,,,,,,60:18.4; 54:11.3; 66:13.9,45,48,45,yes,
2026-03-24,T112,Emma,Soo,14:35,16:00,bundara,kanzi,8502,2026-03-23,2026-03-23,52,0,,,,,,,,,,82:11.5; 76:9.1; 90:8.7,45,45,45,yes,
2026-03-25,T113,Emma,Soo,07:15,09:00,bundara,kanzi,8502,2026-03-23,2026-03-23,50,1,,,,,,,,,,,45,45,45,yes,
2026-03-25,T114,Emma,Soo,09:35,16:00,bundara,rockit,8503,2026-03-24,2026-03-24,99,0,,,,,,,,,,58:10.6; 53:10.4 ; 63:7.7,31,31,31,no,
2026-03-26,T115,Emma,Soo,07:05,08:20,bundara,rockit,8503,2026-03-24,2026-03-24,22,1,,,,,,,,,,,31,31,31,no,
2026-03-26,T116,Emma,Soo,08:45,11:25,mj_hall,red_delicious,8506,2026-03-16,2026-03-16,86,2,,,,,,,,,,82:10.0 ; 165: 8.2 ;,45,45,45,yes,
2026-03-26,T117,Emma,Soo,13:00,17:00,red_rich,kanzi,8507,2026-03-24,2026-03-24,144,10,,,,,,,,,,"82:11.7 ,60:11.6 ,76:11",45,45,45,yes,
2026-03-27,T118,Emma,Soo,11:10,14:00,masalki,pink_lady,8511,2026-03-27,2026-03-27,60,2,,,,,,,,,,"76/82:23.8 , 90:11.6 , 150:11.5",45,48,45,yes,
2026-03-30,T119,Emma,Soo,07:00,13:24,bundara,rockit,8518,2026-03-25,2026-03-25,97,1,,,,,,,,,,58:19.4; 53:16.8 ; 63:15.6,31,31,31,no,
2026-03-30,T120,Emma,Soo,14:24,15:24,bundara,kanzi,8521,2026-03-24,2026-03-24,37,2,,,,,,,,,,,45,45,45,yes,
2026-03-31,T121,Emma,Soo,07:17,08:40,ardrossan,kanzi,8522,2026-03-28,2026-03-28,39,0,,,,,,,,,,,,,,,
2026-03-31,T122,Emma,Soo,08:40,11:00,ardrossan,kanzi,8524,2026-03-28,2026-03-28,35,1,,,,,,,,,,,,,,,
2026-03-31,T123,Emma,Soo,11:00,16:00,plunketts,granny_smith,8525,2026-03-20,2026-03-20,150,0,,,,,,,,,,,,,,,
2026-03-31,T124,Emma,Soo,16:00,17:00,yuvi_bhinder_farm,granny_smith,8527,2026-03-24,2026-03-24,68,1,,,,,,,,,,,,,,,
2026-04-01,T125,Emma,Soo,06:50,08:00,yuvi_bhinder_farm,granny_smith,8527,2026-03-24,2026-03-24,40,0,,,,,,,,,,,,,,,
2026-04-01,T126,Emma,Soo,08:10,09:30,calimna_lenne ,granny_smith,8529,2026-03-30,2026-03-30,60,1,,,,,,,,,,,50,55,50,yes,
2026-04-01,T127,Emma,Soo,10:20,14:15,radevski,pink_lady,8532,2026-04-01,2026-04-01,120,1,,,,,,,,,,82:17.3; 90:13.2 ;76:11.0,50,55,50,yes,
2026-04-01,T128,Emma,Soo,14:35,14:55,bundara,pink_lady,8534,2026-03-31,2026-03-31,13,0,,,,,,,,,,180: 29.1 ; 150:22.9 ; 90:13.3,50,55,50,yes,
2026-04-02,T129,Emma,Soo,07:00,08:30,bundara,pink_lady,8534,2026-04-01,2026-04-01,47,1,,,,,,,,,,,50,55,50,yes,
2026-04-02,T130,Emma,Soo,09:00,13:54,sciacca,granny_smith,8536,,,116,0,,,,,,,,,,,43,40,43,yes,
2026-04-07,T131,Emma,Soo,07:00,11:45,bundara,rockit,8537,2026-04-01,2026-04-01,72,1,,,,,,,,,,,31,31,31,no,
2026-04-07,T132,Emma,Soo,13:00,15:45,ardrossan,kanzi,8539,2026-04-03,2026-04-03,80,8,,,,,,,,,,,,,,,
2026-04-08,T133,Emma,Soo,07:16,13:54,calimna_lenne ,bravo,8542,2026-04-01,2026-04-01,183,1,,,,,,,,,,60:13.2; 66:10.6; 54:9.7,50,55,50,yes,
2026-04-08,T134,Emma,Soo,14:35,15:59,seven_springs,kanzi,8543,2026-04-02,2026-04-02,52,0,,,,,,,,,,60:12.4; 66:10.4; 70:9.4,50,55,50,yes,
2026-04-09,T135,Emma,Soo,07:00,08:19,seven_springs,kanzi,8543,2026-04-02,2026-04-02,52,2,,,,,,,,,,60:13.5; 66:11.5; 70:10.1,50,48,52,yes,
2026-04-09,T136,Emma,Soo,09:16,13:42,plunketts,pink_lady,8548,2026-04-07,2026-04-07,115,2,,,,,,,,,,82:20.6; 92:18.4; 150:17.7,50,48,52,yes,
2026-04-09,T137,Emma,Soo,14:15,16:01,bundara,kanzi,8549,2026-04-02,2026-04-02,56,0,,,,,,,,,,"165:11.1,195:10.7,150:9.9",41,40,42,no,
2026-04-10,T138,Emma,Soo,06:59,09:37,bundara,kanzi,8549,2026-04-02,2026-04-02,88,4,,,,,,,,,,"165:11.1,195:10.7,150:9.9",41,40,42,no,
2026-04-10,T139,Emma,Soo,10:26,14:15,nicol,kanzi,8552,2026-04-09,2026-04-09,125,1,,,,,,,,,,"82:16.7,76:13.9,90:12.2",50,46,54,yes,
2026-04-13,T140,Emma,Soo,07:00,09:40,pottenger,gala,8554,2026-02-17,2026-02-17,77,5,,,,,,,,,,,50,42,54,yes,
2026-04-13,T141,Emma,Soo,09:40,12:24,googs,gala,8555,2026-02-18,2026-02-18,83,2,,,,,,,,,,"150:16.9,82:16.9,90:14.7",50,42,54,yes,
2026-04-13,T142,Emma,Soo,13:49,15:17,adm_farm,pink_lady,8559,2026-04-11,2026-04-11,51,0,,,,,,,,,,"82:18,90; 15.2,150:14.3",50,42,54,yes,
2026-04-13,T143,Emma,Soo,15:17,16:10,bundara,pink_lady,8560,2026-04-10,2026-04-10,28,0,,,,,,,,,,"165:22.3,150:21.7,90:16",50,42,54,yes,
2026-04-14,T144,Emma,Soo,07:00,08:56,bundara,pink_lady,8560,2026-04-10,2026-04-10,66,1,,,,,,,,,,"150:20.7,165:19.5,90:16.2",50,40,56,yes,
2026-04-14,T145,Emma,Soo,09:34,13:17,plunketts,pink_lady,8563,2026-04-11,2026-04-11,95,0,,,,,,,,,,"82:17.8,150:17,90:16.5",58,41,70,yes,
2026-04-14,T146,Emma,Soo,13:17,15:33,plunketts,pink_lady,8564,2026-04-11,2026-04-11,92,0,,,,,,,,,,"82:14,66:12.5,70:11.9",58,41,70,yes,
2026-04-15,T147,Emma,Soo,06:58,08:01,plunketts,pink_lady,8564,2026-04-11,2026-04-11,33,1,,,,,,,,,,"82:16,66:14,70:13.5",58,41,70,yes,
2026-04-15,T148,Emma,Soo,08:41,09:18,sagar_produce,granny_smith,8567,2026-04-11,2026-04-11,21,0,,,,,,,,,,"165:17.1,150:15.5;82:13.3",54,40,66,yes,
2026-04-15,T149,Emma,Soo,09:35,13:53,plunketts,granny_smith,8569,2026-03-20,2026-03-20,133,0,,,,,,,,,,"60:12.9,66:12,82:11.6",54,40,66,yes,
2026-04-15,T150,Emma,Soo,13:53,15:43,acn_orchards,granny_smith,8570,2026-04-11,2026-04-11,72,0,,,,,,,,,,"82:16.3,76:12,90:10.8",54,40,66,yes,4 bins fell off
2026-04-16,T151,Emma,Soo,06:55,08:02,acn_orchards,granny_smith,8570,2026-04-11,2026-04-11,44,1,,,,,,,,,,"82:16.4,76:11.8,90:11.1",54,40,66,yes,
2026-04-16,T152,Emma,Soo,08:57,14:07,pottenger,gala,8571,2026-02-16,2026-02-19,131,0,,,,,,,,367,45.8,"165:20.6,150:18,90:13.1",50,38,56,yes,
2026-04-16,T153,Emma,Soo,14:07,16:03,googs,gala,8577,2026-02-12,2026-02-19,73,0,31.8,43.1,6.8,4.6,6.4,2.1,4.9,422,61.6,"82:14.8,150:13.4,90:12.1",48,38,56,yes,g-03/05
2026-04-17,T154,Emma,Soo,06:55,11:08,googs,gala,8577,2026-02-12,2026-02-19,47,0,34.3,40.7,6.3,5,6.3,2.3,4.7,16,2.3,"82:16,150:15,90:13.7",48,38,56,yes,
2026-04-17,T155,Emma,Soo,11:08,14:23,bundara,gala,8581,2026-02-14,2026-02-14,88,1,67.3,17.7,6,0.2,5.3,0,2.8,222,28.3,"90:11.6,82:10.6,195:9.5",39,38,54,yes,
2026-04-17,T156,Emma,Soo,15:02,16:59,mj_hall,modi,8583,2026-04-16,2026-04-16,60,1,28.9,0,25.1,1.1,10.4,0.6,20.7,252,32.4,"165:15.4,150:12.9,under:13",46,43,58,yes,
2026-04-20,T157,Emma,Soo,07:03,10:03,ardrossan,kanzi,8590,2026-04-07,2026-04-09,112,1,0,0,46.4,9,26.2,2.6,15.4,653,101.4,"150:12.8,90:14.4,82:12.2",42,36,52,yes,manual_tip
2026-04-20,T158,Emma,Soo,11:35,15:10,plunketts,pink_lady,8591,2026-04-14,2026-04-15,94,1,31.2,27.6,14.3,5.1,10.9,0,10.3,153,21.6,"150:17.7,90:15.9,82:15.6",44,43,58,yes,P-07
2026-04-20,T159,Emma,Soo,15:10,16:05,adm_farm,pink_lady,8592,2026-04-18,2026-04-18,36,0,25.1,25,6.6,5.4,15.5,0,20.4,215,33.9,"82:12.6,150:10.3,90:10.3",42,43,58,yes,green%leaf:1.2%
2026-04-21,T160,Emma,Soo,06:55,09:24,adm_farm,pink_lady,8592,2026-04-18,2026-04-18,91,0,29.5,24.2,7.5,5.7,23.2,0,18.5,0,0,"82:14.8,90:10.4,150:8.5",42,43,58,yes,
2026-04-21,T161,Emma,Soo,09:26,13:49,pottenger,pink_lady,8596,2026-04-16,2026-04-17,105,0,17.3,17.7,11.8,17.4,12.5,0.1,17.6,349,42.5,"165:17.7,150:16.8,195:10.7",40,43,58,yes,
2026-04-21,T162,Emma,Soo,13:49,15:45,bhangu,pink_lady,8597,2026-04-17,2026-04-17,71,1,19.5,23.1,11.4,8.4,16.8,0,19.3,195,31.7,"82:10.2,66:9.7,60:6.8",55,50,80,yes,
2026-04-22,T163,Emma,Soo,07:07,08:31,hazara,bravo,8600,2026-04-10,2026-04-14,60,0,0,0,62.4,5.7,17.6,0,13.7,181,26.7,"82:15.4,90:13.6,150:13.3",42,45,72,yes,
2026-04-22,T164,Emma,Soo,08:31,09:56,kaarimba,bravo,8601,2026-04-18,2026-04-18,60,1,0,0,52.5,15.6,20.5,0,11.3,119,17.3,"82:18.7,90:15.3,150:13.5",40,45,72,yes,
2026-04-23,T165,Emma,Soo,07:07,11:12,bundara,pink_lady,8607,2026-04-16,2026-04-16,132,0,37.1,19.6,15.5,2.9,9.9,0,13.9,246,33.2,"82:13.7,150:12.3,90:11.5",40,45,72,yes,
2026-04-23,T166,Emma,Soo,11:12,15:43,plunketts,pink_lady,8610,2026-04-16,2026-04-18,152,1,24.2,30.7,17.6,7.4,9.9,0.1,7.1,216,35.3,"82:15.9,66:12.4,70:12.4",42,47,76,yes,"granny presents,Geen%:8,0.9%rate"
2026-04-24,T167,Emma,Soo,06:58,14:15,yuvi_bhinder_farm,granny_smith,8614,2026-04-23,2026-04-23,196,1,0,0,44.7,19.4,8.6,0,26.7,543,63.1,"195:21.7,165:15.7,150:9.3",37,37,48,no,
2026-04-27,T168,Emma,Soo,07:13,14:13,googs,gala,8619,2026-04-10,2026-04-12,222,0,38.6,43.1,8.8,0.8,3.8,0,1.3,600,85.6,"82:21.8,90:16.1,150:15.8",43,41,60,yes,
2026-04-27,T169,Emma,Soo,14:13,15:43,bundara,gala,8622,2026-02-13,2026-02-13,54,1,58.8,22.5,8.5,0.7,4.4,0,3.4,131,23.1,"165:21.3,150:19.3,90:14.8",43,43,60,yes,
2026-04-28,T170,Emma,Soo,07:28,15:45,hazara,bravo,8629,2026-04-14,2026-04-17,231,1,0,0,60.2,9,15.3,0,15.1,662,92.1,"82:15.4,150:15,90:14.5",43,43,60,yes,
2026-04-29,T171,Emma,Soo,07:03,10:02,sciacca,granny_smith,8635,2026-04-28,2026-04-28,83,8,0,0,85.9,1.3,7,0,5.8,689,85.9,"165:14.6.150:11.7,82:11.4",43,39,58,yes,"decfile changing, c2 7 bins retip"
2026-04-29,T172,Emma,Soo,11:18,15:10,sciacca,pink_lady,8636,2026-04-28,2026-04-29,120,1,0,0,52.7,13.4,19.3,0,12.1,496,74.8,"82:13.2,150:10.9,90:10.7",54,48,78,yes,grading machine is lifted
2026-05-04,T173,Emma,Soo,07:10,09:36,sagar ardmona,pink_lady,8643,2026-04-22,2026-04-24,84,0,42.4,19.1,10.9,5.9,9,0,11.4,501,67.4,"150:16,82:15.1,90:14.3",52,42,76,yes,
2026-05-04,T174,Emma,Soo,09:36,13:40,gs_farms_australia,pink_lady,8644,2026-04-22,2026-04-23,100,0,46.6,17.4,7.5,7.6,9.1,0.4,9.2,251,29.1,"165:26.4,195:19.9,150:16.5",46,40,76,yes,
2026-05-04,T175,Emma,Soo,13:40,14:42,bhangu,pink_lady,8645,2026-04-20,2026-04-23,39,0,19,25,8,9.2,15.8,0,21.9,100,17.1,"50:10,60:8.7,66:8.4",50,45,74,yes,
2026-05-04,T176,Emma,Soo,14:42,15:34,adm_farm,pink_lady,8646,2026-04-20,2026-04-20,31,0,32.8,20.3,9.2,5,12,0,19.4,77,10.4,"82:12.3,150:10.6,90:10.5",50,45,74,yes,
2026-05-04,T177,Emma,Soo,15:34,16:09,plunketts,pink_lady,8647,2026-04-22,2026-04-22,20,0,23.4,21.4,14.5,15.5,8.5,0.7,7.6,0,0,"82:13.1,90:9.8,150:9.2",50,45,74,yes,"GS:5.5,green%:6"
2026-05-05,T178,Emma,Emma,07:05,09:20,plunketts,pink_lady,8647,2026-04-22,2026-04-22,96,1,24.5,21.9,14.8,17.1,8.3,1,5.9,0,0,"82:14.4,90:10.4,150:9.4",50,45,74,yes,P18
2026-05-05,T179,Emma,Emma,09:20,15:50,plunketts,pink_lady,8649,2026-04-22,2026-04-23,213,1,39.7,28.4,10.3,2.8,10.5,0,5.9,594,96,"82:14.7,90:11.8,150:11.4",50,45,74,yes,P12+P7x8 bins
2026-05-06,T180,Emma,Soo,07:00,10:20,ardrossan,kanzi,8652,2026-04-21,2026-04-21,82,3,0,0,35.3,11.5,24.5,4.5,20.5,323,49.6,"150:10.7,82:10.1,165:10.1",46,42,66,yes,retip:3%
